[04-17 17:45:42]: [INFO] Created column 'regdate' and set the current timestamp, 1744911942054, to all 0 rows
[04-17 17:45:42]: [INFO] SQLite Setup finished
[04-17 17:45:42]: [INFO] No supported permissions system found! Permissions are disabled!
[04-17 17:45:42]: [WARN] WARNING! The protectInventory feature requires ProtocolLib! Disabling it...
[04-17 17:45:42]: [INFO] AuthMe 5.6.0 build n.CUSTOM successfully enabled!
[04-17 17:45:43]: [INFO] Downloading GEO IP database, because the old database is older than 30 days or doesn't exist
[04-17 17:45:43]: [WARN] No MaxMind credentials found in the configuration file! GeoIp protections will be disabled.
[04-17 17:45:43]: [INFO] There is no newer GEO IP database uploaded to MaxMind. Using the old one for now.
[04-17 17:45:43]: [WARN] Could not download GeoLiteAPI database [FileNotFoundException]: plugins/AuthMe/GeoLite2-Country.mmdb (No such file or directory)
[04-17 17:45:43]: java.io.FileNotFoundException: plugins/AuthMe/GeoLite2-Country.mmdb (No such file or directory)
	at java.base/java.io.RandomAccessFile.open0(Native Method)
	at java.base/java.io.RandomAccessFile.open(Unknown Source)
	at java.base/java.io.RandomAccessFile.<init>(Unknown Source)
	at java.base/java.io.RandomAccessFile.<init>(Unknown Source)
	at fr.xephi.authme.libs.com.maxmind.db.BufferHolder.<init>(BufferHolder.java:20)
	at fr.xephi.authme.libs.com.maxmind.db.Reader.<init>(Reader.java:121)
	at fr.xephi.authme.service.GeoIpService.startReading(GeoIpService.java:179)
	at fr.xephi.authme.service.GeoIpService.updateDatabase(GeoIpService.java:150)
	at org.bukkit.craftbukkit.v1_12_R1.scheduler.CraftTask.run(CraftTask.java:64)
	at org.bukkit.craftbukkit.v1_12_R1.scheduler.CraftAsyncTask.run(CraftAsyncTask.java:52)
	at com.destroystokyo.paper.ServerSchedulerReportingWrapper.run(ServerSchedulerReportingWrapper.java:22)
	at java.base/java.util.concurrent.ThreadPoolExecutor.runWorker(Unknown Source)
	at java.base/java.util.concurrent.ThreadPoolExecutor$Worker.run(Unknown Source)
	at java.base/java.lang.Thread.run(Unknown Source)

[04-17 17:46:04]: [FINE] jamar_higgs registered 0:0:0:0:0:0:0:1%0
[04-17 17:46:04]: [FINE] jamar_higgs logged in 0:0:0:0:0:0:0:1%0
[04-17 17:46:26]: [FINE] Cobalt registered 0:0:0:0:0:0:0:1%0
[04-17 17:46:26]: [FINE] The user Cobalt has 2 accounts:
[04-17 17:46:26]: [FINE] §7§ajamar_higgs§7, §aCobalt§7.
[04-17 17:46:26]: [FINE] Cobalt logged in 0:0:0:0:0:0:0:1%0
[04-17 17:46:43]: [FINE] paxton registered 0:0:0:0:0:0:0:1%0
[04-17 17:46:43]: [FINE] The user paxton has 3 accounts:
[04-17 17:46:43]: [FINE] §7§ajamar_higgs§7, §aCobalt§7, §apaxton§7.
[04-17 17:46:43]: [FINE] paxton logged in 0:0:0:0:0:0:0:1%0
[04-17 17:46:55]: [INFO] Cobalt changed his password
[04-17 17:47:02]: [FINE] YeerYee1142_ registered 0:0:0:0:0:0:0:1%0
[04-17 17:47:02]: [FINE] The user YeerYee1142_ has 4 accounts:
[04-17 17:47:02]: [FINE] §7§ajamar_higgs§7, §aCobalt§7, §apaxton§7, §aYeerYee1142_§7.
[04-17 17:47:02]: [FINE] YeerYee1142_ logged in 0:0:0:0:0:0:0:1%0
[04-17 17:47:05]: [FINE] skibidi_toilet registered 0:0:0:0:0:0:0:1%0
[04-17 17:47:05]: [FINE] The user skibidi_toilet has 5 accounts:
[04-17 17:47:05]: [FINE] §7§ajamar_higgs§7, §aCobalt§7, §apaxton§7, §aYeerYee1142_§7, §askibidi_toilet§7.
[04-17 17:47:05]: [FINE] skibidi_toilet logged in 0:0:0:0:0:0:0:1%0
[04-17 17:47:47]: [FINE] Bodeman115 registered 0:0:0:0:0:0:0:1%0
[04-17 17:47:47]: [FINE] The user Bodeman115 has 6 accounts:
[04-17 17:47:47]: [FINE] §7§ajamar_higgs§7, §aCobalt§7, §apaxton§7, §aYeerYee1142_§7, §askibidi_toilet§7, §aBodeman115§7.
[04-17 17:47:47]: [FINE] Bodeman115 logged in 0:0:0:0:0:0:0:1%0
[04-17 17:51:41]: [FINE] hen registered 0:0:0:0:0:0:0:1%0
[04-17 17:51:41]: [FINE] The user hen has 7 accounts:
[04-17 17:51:41]: [FINE] §7§ajamar_higgs§7, §aCobalt§7, §apaxton§7, §aYeerYee1142_§7, §askibidi_toilet§7, §aBodeman115§7, §ahen§7.
[04-17 17:51:41]: [FINE] hen logged in 0:0:0:0:0:0:0:1%0
[04-17 17:53:35]: [FINE] leif_ registered 0:0:0:0:0:0:0:1%0
[04-17 17:53:35]: [FINE] The user leif_ has 8 accounts:
[04-17 17:53:35]: [FINE] §7§ajamar_higgs§7, §aCobalt§7, §apaxton§7, yeeryee1142_, §askibidi_toilet§7, §aBodeman115§7, hen, §aleif_§7.
[04-17 17:53:35]: [FINE] leif_ logged in 0:0:0:0:0:0:0:1%0
[04-17 17:53:43]: [FINE] Cullen registered 0:0:0:0:0:0:0:1%0
[04-17 17:53:43]: [FINE] The user Cullen has 9 accounts:
[04-17 17:53:43]: [FINE] §7§ajamar_higgs§7, §aCobalt§7, §apaxton§7, yeeryee1142_, §askibidi_toilet§7, §aBodeman115§7, hen, §aleif_§7, §aCullen§7.
[04-17 17:53:43]: [FINE] Cullen logged in 0:0:0:0:0:0:0:1%0
[04-17 17:55:58]: [FINE] The user Bodeman115 has 9 accounts:
[04-17 17:55:58]: [FINE] §7§ajamar_higgs§7, §aCobalt§7, §apaxton§7, yeeryee1142_, §askibidi_toilet§7, §aBodeman115§7, hen, §aleif_§7, §aCullen§7.
[04-17 17:55:58]: [FINE] Bodeman115 logged in 0:0:0:0:0:0:0:1%0
[04-17 17:59:12]: [INFO] AuthMe 5.6.0-bCUSTOM disabled!
[04-17 17:59:48]: [INFO] SQLite Setup finished
[04-17 17:59:48]: [INFO] No supported permissions system found! Permissions are disabled!
[04-17 17:59:48]: [WARN] WARNING! The protectInventory feature requires ProtocolLib! Disabling it...
[04-17 17:59:49]: [INFO] AuthMe 5.6.0 build n.CUSTOM successfully enabled!
[04-17 17:59:49]: [INFO] Downloading GEO IP database, because the old database is older than 30 days or doesn't exist
[04-17 17:59:49]: [WARN] No MaxMind credentials found in the configuration file! GeoIp protections will be disabled.
[04-17 17:59:49]: [INFO] There is no newer GEO IP database uploaded to MaxMind. Using the old one for now.
[04-17 17:59:49]: [WARN] Could not download GeoLiteAPI database [FileNotFoundException]: plugins/AuthMe/GeoLite2-Country.mmdb (No such file or directory)
[04-17 17:59:49]: java.io.FileNotFoundException: plugins/AuthMe/GeoLite2-Country.mmdb (No such file or directory)
	at java.base/java.io.RandomAccessFile.open0(Native Method)
	at java.base/java.io.RandomAccessFile.open(Unknown Source)
	at java.base/java.io.RandomAccessFile.<init>(Unknown Source)
	at java.base/java.io.RandomAccessFile.<init>(Unknown Source)
	at fr.xephi.authme.libs.com.maxmind.db.BufferHolder.<init>(BufferHolder.java:20)
	at fr.xephi.authme.libs.com.maxmind.db.Reader.<init>(Reader.java:121)
	at fr.xephi.authme.service.GeoIpService.startReading(GeoIpService.java:179)
	at fr.xephi.authme.service.GeoIpService.updateDatabase(GeoIpService.java:150)
	at org.bukkit.craftbukkit.v1_12_R1.scheduler.CraftTask.run(CraftTask.java:64)
	at org.bukkit.craftbukkit.v1_12_R1.scheduler.CraftAsyncTask.run(CraftAsyncTask.java:52)
	at com.destroystokyo.paper.ServerSchedulerReportingWrapper.run(ServerSchedulerReportingWrapper.java:22)
	at java.base/java.util.concurrent.ThreadPoolExecutor.runWorker(Unknown Source)
	at java.base/java.util.concurrent.ThreadPoolExecutor$Worker.run(Unknown Source)
	at java.base/java.lang.Thread.run(Unknown Source)

[04-17 17:59:59]: [FINE] The user paxton has 9 accounts:
[04-17 17:59:59]: [FINE] §7jamar_higgs, cobalt, §apaxton§7, yeeryee1142_, skibidi_toilet, bodeman115, hen, leif_, cullen.
[04-17 17:59:59]: [FINE] paxton logged in 0:0:0:0:0:0:0:1%0
[04-17 18:00:06]: [FINE] landon_moss registered 0:0:0:0:0:0:0:1%0
[04-17 18:00:06]: [FINE] The user landon_moss has 10 accounts:
[04-17 18:00:06]: [FINE] §7jamar_higgs, cobalt, §apaxton§7, yeeryee1142_, skibidi_toilet, bodeman115, hen, leif_, cullen, §alandon_moss§7.
[04-17 18:00:06]: [FINE] landon_moss logged in 0:0:0:0:0:0:0:1%0
[04-17 18:00:21]: [FINE] The user Bodeman115 has 10 accounts:
[04-17 18:00:21]: [FINE] §7jamar_higgs, cobalt, §apaxton§7, yeeryee1142_, skibidi_toilet, §aBodeman115§7, hen, leif_, §aCullen§7, §alandon_moss§7.
[04-17 18:00:21]: [FINE] Bodeman115 logged in 0:0:0:0:0:0:0:1%0
[04-17 18:00:27]: [FINE] Cullen used the wrong password
[04-17 18:00:37]: [FINE] The user Cullen has 10 accounts:
[04-17 18:00:37]: [FINE] §7jamar_higgs, cobalt, §apaxton§7, yeeryee1142_, skibidi_toilet, §aBodeman115§7, hen, leif_, §aCullen§7, §alandon_moss§7.
[04-17 18:00:37]: [FINE] Cullen logged in 0:0:0:0:0:0:0:1%0
[04-17 18:00:54]: [FINE] The user Cobalt has 10 accounts:
[04-17 18:00:54]: [FINE] §7jamar_higgs, §aCobalt§7, §apaxton§7, yeeryee1142_, skibidi_toilet, §aBodeman115§7, hen, leif_, §aCullen§7, §alandon_moss§7.
[04-17 18:00:54]: [FINE] Cobalt logged in 0:0:0:0:0:0:0:1%0
[04-17 18:01:19]: [FINE] The user skibidi_toilet has 10 accounts:
[04-17 18:01:19]: [FINE] §7jamar_higgs, §aCobalt§7, §apaxton§7, yeeryee1142_, §askibidi_toilet§7, §aBodeman115§7, hen, leif_, §aCullen§7, landon_moss.
[04-17 18:01:19]: [FINE] skibidi_toilet logged in 0:0:0:0:0:0:0:1%0
[04-17 18:01:43]: [FINE] The user jamar_higgs has 10 accounts:
[04-17 18:01:43]: [FINE] §7§ajamar_higgs§7, §aCobalt§7, §apaxton§7, yeeryee1142_, §askibidi_toilet§7, §aBodeman115§7, hen, leif_, §aCullen§7, landon_moss.
[04-17 18:01:43]: [FINE] jamar_higgs logged in 0:0:0:0:0:0:0:1%0
[04-17 18:03:48]: [FINE] The user paxton has 10 accounts:
[04-17 18:03:48]: [FINE] §7§ajamar_higgs§7, §aCobalt§7, §apaxton§7, yeeryee1142_, §askibidi_toilet§7, §aBodeman115§7, hen, leif_, §aCullen§7, landon_moss.
[04-17 18:03:48]: [FINE] paxton logged in 0:0:0:0:0:0:0:1%0
[04-17 18:04:15]: [FINE] The user Cullen has 10 accounts:
[04-17 18:04:15]: [FINE] §7§ajamar_higgs§7, §aCobalt§7, §apaxton§7, yeeryee1142_, §askibidi_toilet§7, §aBodeman115§7, hen, leif_, §aCullen§7, landon_moss.
[04-17 18:04:15]: [FINE] Cullen logged in 0:0:0:0:0:0:0:1%0
[04-17 18:04:17]: [FINE] The user jamar_higgs has 10 accounts:
[04-17 18:04:17]: [FINE] §7§ajamar_higgs§7, §aCobalt§7, §apaxton§7, yeeryee1142_, §askibidi_toilet§7, §aBodeman115§7, hen, leif_, §aCullen§7, landon_moss.
[04-17 18:04:17]: [FINE] jamar_higgs logged in 0:0:0:0:0:0:0:1%0
[04-17 18:06:36]: [FINE] The user Cobalt has 10 accounts:
[04-17 18:06:36]: [FINE] §7§ajamar_higgs§7, §aCobalt§7, §apaxton§7, yeeryee1142_, §askibidi_toilet§7, §aBodeman115§7, hen, leif_, §aCullen§7, landon_moss.
[04-17 18:06:36]: [FINE] Cobalt logged in 0:0:0:0:0:0:0:1%0
[04-17 18:08:45]: [FINE] The user leif_ has 10 accounts:
[04-17 18:08:45]: [FINE] §7§ajamar_higgs§7, §aCobalt§7, §apaxton§7, yeeryee1142_, §askibidi_toilet§7, §aBodeman115§7, hen, §aleif_§7, §aCullen§7, landon_moss.
[04-17 18:08:45]: [FINE] leif_ logged in 0:0:0:0:0:0:0:1%0
[04-17 18:12:06]: [FINE] The user leif_ has 10 accounts:
[04-17 18:12:06]: [FINE] §7jamar_higgs, cobalt, paxton, yeeryee1142_, skibidi_toilet, bodeman115, hen, §aleif_§7, cullen, landon_moss.
[04-17 18:12:06]: [FINE] leif_ logged in 0:0:0:0:0:0:0:1%0
[04-17 18:12:26]: [FINE] The user Cullen has 10 accounts:
[04-17 18:12:26]: [FINE] §7jamar_higgs, cobalt, paxton, yeeryee1142_, skibidi_toilet, bodeman115, hen, §aleif_§7, §aCullen§7, landon_moss.
[04-17 18:12:26]: [FINE] Cullen logged in 0:0:0:0:0:0:0:1%0
[04-17 18:12:38]: [FINE] The user skibidi_toilet has 10 accounts:
[04-17 18:12:38]: [FINE] §7§ajamar_higgs§7, cobalt, paxton, yeeryee1142_, §askibidi_toilet§7, bodeman115, hen, §aleif_§7, §aCullen§7, landon_moss.
[04-17 18:12:38]: [FINE] skibidi_toilet logged in 0:0:0:0:0:0:0:1%0
[04-17 18:13:01]: [FINE] The user Cobalt has 10 accounts:
[04-17 18:13:01]: [FINE] §7jamar_higgs, §aCobalt§7, paxton, yeeryee1142_, §askibidi_toilet§7, bodeman115, hen, §aleif_§7, §aCullen§7, landon_moss.
[04-17 18:13:01]: [FINE] Cobalt logged in 0:0:0:0:0:0:0:1%0
[04-17 18:13:21]: [FINE] The user jamar_higgs has 10 accounts:
[04-17 18:13:21]: [FINE] §7§ajamar_higgs§7, cobalt, paxton, yeeryee1142_, skibidi_toilet, bodeman115, hen, §aleif_§7, cullen, landon_moss.
[04-17 18:13:21]: [FINE] jamar_higgs logged in 0:0:0:0:0:0:0:1%0
[04-17 20:12:16]: [INFO] SQLite Setup finished
[04-17 20:12:16]: [INFO] No supported permissions system found! Permissions are disabled!
[04-17 20:12:16]: [WARN] WARNING! The protectInventory feature requires ProtocolLib! Disabling it...
[04-17 20:12:16]: [INFO] AuthMe 5.6.0 build n.CUSTOM successfully enabled!
[04-17 20:12:17]: [INFO] Downloading GEO IP database, because the old database is older than 30 days or doesn't exist
[04-17 20:12:17]: [WARN] No MaxMind credentials found in the configuration file! GeoIp protections will be disabled.
[04-17 20:12:17]: [INFO] There is no newer GEO IP database uploaded to MaxMind. Using the old one for now.
[04-17 20:12:17]: [WARN] Could not download GeoLiteAPI database [FileNotFoundException]: plugins/AuthMe/GeoLite2-Country.mmdb (No such file or directory)
[04-17 20:12:17]: java.io.FileNotFoundException: plugins/AuthMe/GeoLite2-Country.mmdb (No such file or directory)
	at java.base/java.io.RandomAccessFile.open0(Native Method)
	at java.base/java.io.RandomAccessFile.open(Unknown Source)
	at java.base/java.io.RandomAccessFile.<init>(Unknown Source)
	at java.base/java.io.RandomAccessFile.<init>(Unknown Source)
	at fr.xephi.authme.libs.com.maxmind.db.BufferHolder.<init>(BufferHolder.java:20)
	at fr.xephi.authme.libs.com.maxmind.db.Reader.<init>(Reader.java:121)
	at fr.xephi.authme.service.GeoIpService.startReading(GeoIpService.java:179)
	at fr.xephi.authme.service.GeoIpService.updateDatabase(GeoIpService.java:150)
	at org.bukkit.craftbukkit.v1_12_R1.scheduler.CraftTask.run(CraftTask.java:64)
	at org.bukkit.craftbukkit.v1_12_R1.scheduler.CraftAsyncTask.run(CraftAsyncTask.java:52)
	at com.destroystokyo.paper.ServerSchedulerReportingWrapper.run(ServerSchedulerReportingWrapper.java:22)
	at java.base/java.util.concurrent.ThreadPoolExecutor.runWorker(Unknown Source)
	at java.base/java.util.concurrent.ThreadPoolExecutor$Worker.run(Unknown Source)
	at java.base/java.lang.Thread.run(Unknown Source)

[04-17 20:13:51]: [FINE] The user paxton has 10 accounts:
[04-17 20:13:51]: [FINE] §7jamar_higgs, cobalt, §apaxton§7, yeeryee1142_, skibidi_toilet, bodeman115, hen, leif_, cullen, landon_moss.
[04-17 20:13:51]: [FINE] paxton logged in 0:0:0:0:0:0:0:1%0
[04-17 20:15:59]: [FINE] The user paxton has 10 accounts:
[04-17 20:15:59]: [FINE] §7jamar_higgs, cobalt, §apaxton§7, yeeryee1142_, skibidi_toilet, bodeman115, hen, leif_, cullen, landon_moss.
[04-17 20:15:59]: [FINE] paxton logged in 0:0:0:0:0:0:0:1%0
[04-17 20:17:33]: [FINE] The user Bodeman115 has 10 accounts:
[04-17 20:17:33]: [FINE] §7jamar_higgs, cobalt, §apaxton§7, yeeryee1142_, skibidi_toilet, §aBodeman115§7, hen, leif_, cullen, landon_moss.
[04-17 20:17:33]: [FINE] Bodeman115 logged in 0:0:0:0:0:0:0:1%0
[04-17 20:30:15]: [FINE] The user Cobalt has 10 accounts:
[04-17 20:30:15]: [FINE] §7jamar_higgs, §aCobalt§7, §apaxton§7, yeeryee1142_, skibidi_toilet, bodeman115, hen, leif_, cullen, landon_moss.
[04-17 20:30:15]: [FINE] Cobalt logged in 0:0:0:0:0:0:0:1%0
[04-17 20:39:23]: [FINE] The user paxton has 10 accounts:
[04-17 20:39:23]: [FINE] §7jamar_higgs, §aCobalt§7, §apaxton§7, yeeryee1142_, skibidi_toilet, bodeman115, hen, leif_, cullen, landon_moss.
[04-17 20:39:23]: [FINE] paxton logged in 0:0:0:0:0:0:0:1%0
[04-17 22:30:32]: [INFO] SQLite Setup finished
[04-17 22:30:32]: [INFO] No supported permissions system found! Permissions are disabled!
[04-17 22:30:32]: [WARN] WARNING! The protectInventory feature requires ProtocolLib! Disabling it...
[04-17 22:30:32]: [INFO] AuthMe 5.6.0 build n.CUSTOM successfully enabled!
[04-17 22:30:34]: [INFO] Downloading GEO IP database, because the old database is older than 30 days or doesn't exist
[04-17 22:30:34]: [WARN] No MaxMind credentials found in the configuration file! GeoIp protections will be disabled.
[04-17 22:30:34]: [INFO] There is no newer GEO IP database uploaded to MaxMind. Using the old one for now.
[04-17 22:30:34]: [WARN] Could not download GeoLiteAPI database [FileNotFoundException]: plugins/AuthMe/GeoLite2-Country.mmdb (No such file or directory)
[04-17 22:30:34]: java.io.FileNotFoundException: plugins/AuthMe/GeoLite2-Country.mmdb (No such file or directory)
	at java.base/java.io.RandomAccessFile.open0(Native Method)
	at java.base/java.io.RandomAccessFile.open(Unknown Source)
	at java.base/java.io.RandomAccessFile.<init>(Unknown Source)
	at java.base/java.io.RandomAccessFile.<init>(Unknown Source)
	at fr.xephi.authme.libs.com.maxmind.db.BufferHolder.<init>(BufferHolder.java:20)
	at fr.xephi.authme.libs.com.maxmind.db.Reader.<init>(Reader.java:121)
	at fr.xephi.authme.service.GeoIpService.startReading(GeoIpService.java:179)
	at fr.xephi.authme.service.GeoIpService.updateDatabase(GeoIpService.java:150)
	at org.bukkit.craftbukkit.v1_12_R1.scheduler.CraftTask.run(CraftTask.java:64)
	at org.bukkit.craftbukkit.v1_12_R1.scheduler.CraftAsyncTask.run(CraftAsyncTask.java:52)
	at com.destroystokyo.paper.ServerSchedulerReportingWrapper.run(ServerSchedulerReportingWrapper.java:22)
	at java.base/java.util.concurrent.ThreadPoolExecutor.runWorker(Unknown Source)
	at java.base/java.util.concurrent.ThreadPoolExecutor$Worker.run(Unknown Source)
	at java.base/java.lang.Thread.run(Unknown Source)

[04-17 22:33:19]: [FINE] The user Bodeman115 has 10 accounts:
[04-17 22:33:19]: [FINE] §7jamar_higgs, cobalt, paxton, yeeryee1142_, skibidi_toilet, §aBodeman115§7, hen, leif_, cullen, landon_moss.
[04-17 22:33:19]: [FINE] Bodeman115 logged in 0:0:0:0:0:0:0:1%0
[04-17 22:36:47]: [FINE] The user Cobalt has 10 accounts:
[04-17 22:36:47]: [FINE] §7jamar_higgs, §aCobalt§7, paxton, yeeryee1142_, skibidi_toilet, §aBodeman115§7, hen, leif_, cullen, landon_moss.
[04-17 22:36:47]: [FINE] Cobalt logged in 0:0:0:0:0:0:0:1%0
[04-17 22:41:00]: [FINE] Bodeman115 used the wrong password
[04-17 22:41:08]: [FINE] The user Bodeman115 has 10 accounts:
[04-17 22:41:08]: [FINE] §7jamar_higgs, §aCobalt§7, paxton, yeeryee1142_, skibidi_toilet, §aBodeman115§7, hen, leif_, cullen, landon_moss.
[04-17 22:41:08]: [FINE] Bodeman115 logged in 0:0:0:0:0:0:0:1%0
[04-17 23:33:12]: [INFO] SQLite Setup finished
[04-17 23:33:12]: [INFO] No supported permissions system found! Permissions are disabled!
[04-17 23:33:12]: [WARN] WARNING! The protectInventory feature requires ProtocolLib! Disabling it...
[04-17 23:33:12]: [INFO] AuthMe 5.6.0 build n.CUSTOM successfully enabled!
[04-17 23:33:13]: [INFO] Downloading GEO IP database, because the old database is older than 30 days or doesn't exist
[04-17 23:33:13]: [WARN] No MaxMind credentials found in the configuration file! GeoIp protections will be disabled.
[04-17 23:33:13]: [INFO] There is no newer GEO IP database uploaded to MaxMind. Using the old one for now.
[04-17 23:33:13]: [WARN] Could not download GeoLiteAPI database [FileNotFoundException]: plugins/AuthMe/GeoLite2-Country.mmdb (No such file or directory)
[04-17 23:33:13]: java.io.FileNotFoundException: plugins/AuthMe/GeoLite2-Country.mmdb (No such file or directory)
	at java.base/java.io.RandomAccessFile.open0(Native Method)
	at java.base/java.io.RandomAccessFile.open(Unknown Source)
	at java.base/java.io.RandomAccessFile.<init>(Unknown Source)
	at java.base/java.io.RandomAccessFile.<init>(Unknown Source)
	at fr.xephi.authme.libs.com.maxmind.db.BufferHolder.<init>(BufferHolder.java:20)
	at fr.xephi.authme.libs.com.maxmind.db.Reader.<init>(Reader.java:121)
	at fr.xephi.authme.service.GeoIpService.startReading(GeoIpService.java:179)
	at fr.xephi.authme.service.GeoIpService.updateDatabase(GeoIpService.java:150)
	at org.bukkit.craftbukkit.v1_12_R1.scheduler.CraftTask.run(CraftTask.java:64)
	at org.bukkit.craftbukkit.v1_12_R1.scheduler.CraftAsyncTask.run(CraftAsyncTask.java:52)
	at com.destroystokyo.paper.ServerSchedulerReportingWrapper.run(ServerSchedulerReportingWrapper.java:22)
	at java.base/java.util.concurrent.ThreadPoolExecutor.runWorker(Unknown Source)
	at java.base/java.util.concurrent.ThreadPoolExecutor$Worker.run(Unknown Source)
	at java.base/java.lang.Thread.run(Unknown Source)

[04-17 23:36:42]: [FINE] The user Cobalt has 10 accounts:
[04-17 23:36:42]: [FINE] §7jamar_higgs, §aCobalt§7, paxton, yeeryee1142_, skibidi_toilet, bodeman115, hen, leif_, cullen, landon_moss.
[04-17 23:36:42]: [FINE] Cobalt logged in 0:0:0:0:0:0:0:1%0
[04-18 00:12:11]: [FINE] The user Cobalt has 10 accounts:
[04-18 00:12:11]: [FINE] §7jamar_higgs, §aCobalt§7, paxton, yeeryee1142_, skibidi_toilet, bodeman115, hen, leif_, cullen, landon_moss.
[04-18 00:12:11]: [FINE] Cobalt logged in 0:0:0:0:0:0:0:1%0
[04-18 00:55:20]: [FINE] The user skibidi_toilet has 10 accounts:
[04-18 00:55:20]: [FINE] §7jamar_higgs, §aCobalt§7, paxton, yeeryee1142_, §askibidi_toilet§7, bodeman115, hen, leif_, cullen, landon_moss.
[04-18 00:55:20]: [FINE] skibidi_toilet logged in 0:0:0:0:0:0:0:1%0
[04-18 01:11:00]: [FINE] The user skibidi_toilet has 10 accounts:
[04-18 01:11:00]: [FINE] §7jamar_higgs, §aCobalt§7, paxton, yeeryee1142_, §askibidi_toilet§7, bodeman115, hen, leif_, cullen, landon_moss.
[04-18 01:11:00]: [FINE] skibidi_toilet logged in 0:0:0:0:0:0:0:1%0
[04-18 01:31:55]: [INFO] AuthMe 5.6.0-bCUSTOM disabled!
[04-18 01:44:44]: [INFO] SQLite Setup finished
[04-18 01:44:44]: [INFO] No supported permissions system found! Permissions are disabled!
[04-18 01:44:44]: [WARN] WARNING! The protectInventory feature requires ProtocolLib! Disabling it...
[04-18 01:44:44]: [INFO] AuthMe 5.6.0 build n.CUSTOM successfully enabled!
[04-18 01:44:45]: [INFO] Downloading GEO IP database, because the old database is older than 30 days or doesn't exist
[04-18 01:44:45]: [WARN] No MaxMind credentials found in the configuration file! GeoIp protections will be disabled.
[04-18 01:44:45]: [INFO] There is no newer GEO IP database uploaded to MaxMind. Using the old one for now.
[04-18 01:44:45]: [WARN] Could not download GeoLiteAPI database [FileNotFoundException]: plugins/AuthMe/GeoLite2-Country.mmdb (No such file or directory)
[04-18 01:44:45]: java.io.FileNotFoundException: plugins/AuthMe/GeoLite2-Country.mmdb (No such file or directory)
	at java.base/java.io.RandomAccessFile.open0(Native Method)
	at java.base/java.io.RandomAccessFile.open(Unknown Source)
	at java.base/java.io.RandomAccessFile.<init>(Unknown Source)
	at java.base/java.io.RandomAccessFile.<init>(Unknown Source)
	at fr.xephi.authme.libs.com.maxmind.db.BufferHolder.<init>(BufferHolder.java:20)
	at fr.xephi.authme.libs.com.maxmind.db.Reader.<init>(Reader.java:121)
	at fr.xephi.authme.service.GeoIpService.startReading(GeoIpService.java:179)
	at fr.xephi.authme.service.GeoIpService.updateDatabase(GeoIpService.java:150)
	at org.bukkit.craftbukkit.v1_12_R1.scheduler.CraftTask.run(CraftTask.java:64)
	at org.bukkit.craftbukkit.v1_12_R1.scheduler.CraftAsyncTask.run(CraftAsyncTask.java:52)
	at com.destroystokyo.paper.ServerSchedulerReportingWrapper.run(ServerSchedulerReportingWrapper.java:22)
	at java.base/java.util.concurrent.ThreadPoolExecutor.runWorker(Unknown Source)
	at java.base/java.util.concurrent.ThreadPoolExecutor$Worker.run(Unknown Source)
	at java.base/java.lang.Thread.run(Unknown Source)

[04-18 01:45:26]: [FINE] Cullen used the wrong password
[04-18 01:45:36]: [FINE] Cullen used the wrong password
[04-18 01:45:51]: [FINE] The user skibidi_toilet has 10 accounts:
[04-18 01:45:51]: [FINE] §7jamar_higgs, cobalt, paxton, yeeryee1142_, §askibidi_toilet§7, §aBodeman115§7, hen, leif_, cullen, landon_moss.
[04-18 01:45:51]: [FINE] skibidi_toilet logged in 0:0:0:0:0:0:0:1%0
[04-18 01:45:51]: [FINE] The user Bodeman115 has 10 accounts:
[04-18 01:45:51]: [FINE] §7jamar_higgs, cobalt, paxton, yeeryee1142_, §askibidi_toilet§7, §aBodeman115§7, hen, leif_, cullen, landon_moss.
[04-18 01:45:51]: [FINE] Bodeman115 logged in 0:0:0:0:0:0:0:1%0
[04-18 01:46:11]: [FINE] The user Cullen has 10 accounts:
[04-18 01:46:11]: [FINE] §7jamar_higgs, cobalt, paxton, yeeryee1142_, §askibidi_toilet§7, §aBodeman115§7, hen, leif_, §aCullen§7, landon_moss.
[04-18 01:46:11]: [FINE] Cullen logged in 0:0:0:0:0:0:0:1%0
[04-18 01:49:01]: [FINE] The user jamar_higgs has 10 accounts:
[04-18 01:49:01]: [FINE] §7§ajamar_higgs§7, cobalt, paxton, yeeryee1142_, §askibidi_toilet§7, §aBodeman115§7, hen, leif_, §aCullen§7, landon_moss.
[04-18 01:49:01]: [FINE] jamar_higgs logged in 0:0:0:0:0:0:0:1%0
[04-18 01:52:59]: [FINE] rush registered 0:0:0:0:0:0:0:1%0
[04-18 01:52:59]: [FINE] The user rush has 11 accounts:
[04-18 01:52:59]: [FINE] §7§ajamar_higgs§7, cobalt, paxton, yeeryee1142_, §askibidi_toilet§7, §aBodeman115§7, hen, leif_, §aCullen§7, landon_moss, §arush§7.
[04-18 01:52:59]: [FINE] rush logged in 0:0:0:0:0:0:0:1%0
[04-18 01:55:09]: [FINE] heny registered 0:0:0:0:0:0:0:1%0
[04-18 01:55:09]: [FINE] The user heny has 12 accounts:
[04-18 01:55:09]: [FINE] §7jamar_higgs, §aCobalt§7, paxton, yeeryee1142_, §askibidi_toilet§7, §aBodeman115§7, hen, leif_, §aCullen§7, landon_moss, rush, §aheny§7.
[04-18 01:55:09]: [FINE] heny logged in 0:0:0:0:0:0:0:1%0
[04-18 01:55:19]: [FINE] The user Cobalt has 12 accounts:
[04-18 01:55:19]: [FINE] §7jamar_higgs, §aCobalt§7, paxton, yeeryee1142_, §askibidi_toilet§7, §aBodeman115§7, hen, leif_, §aCullen§7, landon_moss, rush, §aheny§7.
[04-18 01:55:19]: [FINE] Cobalt logged in 0:0:0:0:0:0:0:1%0
[04-18 02:00:36]: [FINE] The user heny has 12 accounts:
[04-18 02:00:36]: [FINE] §7jamar_higgs, §aCobalt§7, paxton, yeeryee1142_, §askibidi_toilet§7, bodeman115, hen, leif_, §aCullen§7, landon_moss, rush, §aheny§7.
[04-18 02:00:36]: [FINE] heny logged in 0:0:0:0:0:0:0:1%0
[04-18 02:06:20]: [FINE] The user Bodeman115 has 12 accounts:
[04-18 02:06:20]: [FINE] §7jamar_higgs, §aCobalt§7, paxton, yeeryee1142_, §askibidi_toilet§7, §aBodeman115§7, hen, leif_, §aCullen§7, landon_moss, rush, §aheny§7.
[04-18 02:06:20]: [FINE] Bodeman115 logged in 0:0:0:0:0:0:0:1%0
[04-18 02:34:59]: [INFO] SQLite Setup finished
[04-18 02:34:59]: [INFO] No supported permissions system found! Permissions are disabled!
[04-18 02:35:00]: [WARN] WARNING! The protectInventory feature requires ProtocolLib! Disabling it...
[04-18 02:35:00]: [INFO] AuthMe 5.6.0 build n.CUSTOM successfully enabled!
[04-18 02:35:03]: [INFO] Downloading GEO IP database, because the old database is older than 30 days or doesn't exist
[04-18 02:35:03]: [WARN] No MaxMind credentials found in the configuration file! GeoIp protections will be disabled.
[04-18 02:35:03]: [INFO] There is no newer GEO IP database uploaded to MaxMind. Using the old one for now.
[04-18 02:35:03]: [WARN] Could not download GeoLiteAPI database [FileNotFoundException]: plugins/AuthMe/GeoLite2-Country.mmdb (No such file or directory)
[04-18 02:35:03]: java.io.FileNotFoundException: plugins/AuthMe/GeoLite2-Country.mmdb (No such file or directory)
	at java.base/java.io.RandomAccessFile.open0(Native Method)
	at java.base/java.io.RandomAccessFile.open(Unknown Source)
	at java.base/java.io.RandomAccessFile.<init>(Unknown Source)
	at java.base/java.io.RandomAccessFile.<init>(Unknown Source)
	at fr.xephi.authme.libs.com.maxmind.db.BufferHolder.<init>(BufferHolder.java:20)
	at fr.xephi.authme.libs.com.maxmind.db.Reader.<init>(Reader.java:121)
	at fr.xephi.authme.service.GeoIpService.startReading(GeoIpService.java:179)
	at fr.xephi.authme.service.GeoIpService.updateDatabase(GeoIpService.java:150)
	at org.bukkit.craftbukkit.v1_12_R1.scheduler.CraftTask.run(CraftTask.java:64)
	at org.bukkit.craftbukkit.v1_12_R1.scheduler.CraftAsyncTask.run(CraftAsyncTask.java:52)
	at com.destroystokyo.paper.ServerSchedulerReportingWrapper.run(ServerSchedulerReportingWrapper.java:22)
	at java.base/java.util.concurrent.ThreadPoolExecutor.runWorker(Unknown Source)
	at java.base/java.util.concurrent.ThreadPoolExecutor$Worker.run(Unknown Source)
	at java.base/java.lang.Thread.run(Unknown Source)

[04-18 02:35:31]: [FINE] The user Cullen has 12 accounts:
[04-18 02:35:31]: [FINE] §7jamar_higgs, cobalt, paxton, yeeryee1142_, skibidi_toilet, bodeman115, hen, leif_, §aCullen§7, landon_moss, rush, §aheny§7.
[04-18 02:35:31]: [FINE] Cullen logged in 0:0:0:0:0:0:0:1%0
[04-18 02:35:39]: [FINE] The user heny has 12 accounts:
[04-18 02:35:39]: [FINE] §7jamar_higgs, cobalt, paxton, yeeryee1142_, skibidi_toilet, bodeman115, hen, leif_, §aCullen§7, landon_moss, rush, §aheny§7.
[04-18 02:35:39]: [FINE] heny logged in 0:0:0:0:0:0:0:1%0
[04-18 02:35:47]: [FINE] The user Cobalt has 12 accounts:
[04-18 02:35:47]: [FINE] §7jamar_higgs, §aCobalt§7, paxton, yeeryee1142_, skibidi_toilet, bodeman115, hen, leif_, §aCullen§7, landon_moss, rush, §aheny§7.
[04-18 02:35:47]: [FINE] Cobalt logged in 0:0:0:0:0:0:0:1%0
[04-18 02:36:01]: [FINE] The user Bodeman115 has 12 accounts:
[04-18 02:36:01]: [FINE] §7jamar_higgs, §aCobalt§7, paxton, yeeryee1142_, skibidi_toilet, §aBodeman115§7, hen, leif_, §aCullen§7, landon_moss, rush, §aheny§7.
[04-18 02:36:01]: [FINE] Bodeman115 logged in 0:0:0:0:0:0:0:1%0
[04-18 02:54:31]: [FINE] The user skibidi_toilet has 12 accounts:
[04-18 02:54:31]: [FINE] §7jamar_higgs, §aCobalt§7, paxton, yeeryee1142_, §askibidi_toilet§7, bodeman115, hen, leif_, §aCullen§7, landon_moss, rush, §aheny§7.
[04-18 02:54:31]: [FINE] skibidi_toilet logged in 0:0:0:0:0:0:0:1%0
[04-18 03:14:15]: [INFO] SQLite Setup finished
[04-18 03:14:15]: [INFO] No supported permissions system found! Permissions are disabled!
[04-18 03:14:15]: [WARN] WARNING! The protectInventory feature requires ProtocolLib! Disabling it...
[04-18 03:14:16]: [INFO] AuthMe 5.6.0 build n.CUSTOM successfully enabled!
[04-18 03:14:19]: [INFO] Downloading GEO IP database, because the old database is older than 30 days or doesn't exist
[04-18 03:14:19]: [WARN] No MaxMind credentials found in the configuration file! GeoIp protections will be disabled.
[04-18 03:14:19]: [INFO] There is no newer GEO IP database uploaded to MaxMind. Using the old one for now.
[04-18 03:14:19]: [WARN] Could not download GeoLiteAPI database [FileNotFoundException]: plugins/AuthMe/GeoLite2-Country.mmdb (No such file or directory)
[04-18 03:14:19]: java.io.FileNotFoundException: plugins/AuthMe/GeoLite2-Country.mmdb (No such file or directory)
	at java.base/java.io.RandomAccessFile.open0(Native Method)
	at java.base/java.io.RandomAccessFile.open(Unknown Source)
	at java.base/java.io.RandomAccessFile.<init>(Unknown Source)
	at java.base/java.io.RandomAccessFile.<init>(Unknown Source)
	at fr.xephi.authme.libs.com.maxmind.db.BufferHolder.<init>(BufferHolder.java:20)
	at fr.xephi.authme.libs.com.maxmind.db.Reader.<init>(Reader.java:121)
	at fr.xephi.authme.service.GeoIpService.startReading(GeoIpService.java:179)
	at fr.xephi.authme.service.GeoIpService.updateDatabase(GeoIpService.java:150)
	at org.bukkit.craftbukkit.v1_12_R1.scheduler.CraftTask.run(CraftTask.java:64)
	at org.bukkit.craftbukkit.v1_12_R1.scheduler.CraftAsyncTask.run(CraftAsyncTask.java:52)
	at com.destroystokyo.paper.ServerSchedulerReportingWrapper.run(ServerSchedulerReportingWrapper.java:22)
	at java.base/java.util.concurrent.ThreadPoolExecutor.runWorker(Unknown Source)
	at java.base/java.util.concurrent.ThreadPoolExecutor$Worker.run(Unknown Source)
	at java.base/java.lang.Thread.run(Unknown Source)

[04-18 03:14:36]: [FINE] The user Cullen has 12 accounts:
[04-18 03:14:36]: [FINE] §7jamar_higgs, cobalt, paxton, yeeryee1142_, skibidi_toilet, bodeman115, hen, leif_, §aCullen§7, landon_moss, rush, §aheny§7.
[04-18 03:14:36]: [FINE] Cullen logged in 0:0:0:0:0:0:0:1%0
[04-18 03:14:38]: [FINE] The user heny has 12 accounts:
[04-18 03:14:38]: [FINE] §7jamar_higgs, cobalt, paxton, yeeryee1142_, skibidi_toilet, bodeman115, hen, leif_, §aCullen§7, landon_moss, rush, §aheny§7.
[04-18 03:14:38]: [FINE] heny logged in 0:0:0:0:0:0:0:1%0
[04-18 03:15:18]: [INFO] AuthMe 5.6.0-bCUSTOM disabled!
[04-18 03:16:48]: [INFO] SQLite Setup finished
[04-18 03:16:48]: [INFO] No supported permissions system found! Permissions are disabled!
[04-18 03:16:48]: [WARN] WARNING! The protectInventory feature requires ProtocolLib! Disabling it...
[04-18 03:16:49]: [INFO] AuthMe 5.6.0 build n.CUSTOM successfully enabled!
[04-18 03:16:51]: [INFO] Downloading GEO IP database, because the old database is older than 30 days or doesn't exist
[04-18 03:16:51]: [WARN] No MaxMind credentials found in the configuration file! GeoIp protections will be disabled.
[04-18 03:16:51]: [INFO] There is no newer GEO IP database uploaded to MaxMind. Using the old one for now.
[04-18 03:16:51]: [WARN] Could not download GeoLiteAPI database [FileNotFoundException]: plugins/AuthMe/GeoLite2-Country.mmdb (No such file or directory)
[04-18 03:16:51]: java.io.FileNotFoundException: plugins/AuthMe/GeoLite2-Country.mmdb (No such file or directory)
	at java.base/java.io.RandomAccessFile.open0(Native Method)
	at java.base/java.io.RandomAccessFile.open(Unknown Source)
	at java.base/java.io.RandomAccessFile.<init>(Unknown Source)
	at java.base/java.io.RandomAccessFile.<init>(Unknown Source)
	at fr.xephi.authme.libs.com.maxmind.db.BufferHolder.<init>(BufferHolder.java:20)
	at fr.xephi.authme.libs.com.maxmind.db.Reader.<init>(Reader.java:121)
	at fr.xephi.authme.service.GeoIpService.startReading(GeoIpService.java:179)
	at fr.xephi.authme.service.GeoIpService.updateDatabase(GeoIpService.java:150)
	at org.bukkit.craftbukkit.v1_12_R1.scheduler.CraftTask.run(CraftTask.java:64)
	at org.bukkit.craftbukkit.v1_12_R1.scheduler.CraftAsyncTask.run(CraftAsyncTask.java:52)
	at com.destroystokyo.paper.ServerSchedulerReportingWrapper.run(ServerSchedulerReportingWrapper.java:22)
	at java.base/java.util.concurrent.ThreadPoolExecutor.runWorker(Unknown Source)
	at java.base/java.util.concurrent.ThreadPoolExecutor$Worker.run(Unknown Source)
	at java.base/java.lang.Thread.run(Unknown Source)

[04-18 03:17:36]: [FINE] The user heny has 12 accounts:
[04-18 03:17:36]: [FINE] §7jamar_higgs, cobalt, paxton, yeeryee1142_, skibidi_toilet, bodeman115, hen, leif_, cullen, landon_moss, rush, §aheny§7.
[04-18 03:17:36]: [FINE] heny logged in 0:0:0:0:0:0:0:1%0
[04-18 03:17:48]: [FINE] The user Cullen has 12 accounts:
[04-18 03:17:48]: [FINE] §7jamar_higgs, cobalt, paxton, yeeryee1142_, skibidi_toilet, bodeman115, hen, leif_, §aCullen§7, landon_moss, rush, §aheny§7.
[04-18 03:17:48]: [FINE] Cullen logged in 0:0:0:0:0:0:0:1%0
[04-18 03:18:33]: [FINE] The user Cobalt has 12 accounts:
[04-18 03:18:33]: [FINE] §7jamar_higgs, §aCobalt§7, paxton, yeeryee1142_, skibidi_toilet, bodeman115, hen, leif_, §aCullen§7, landon_moss, rush, §aheny§7.
[04-18 03:18:33]: [FINE] Cobalt logged in 0:0:0:0:0:0:0:1%0
[04-18 03:33:13]: [FINE] The user skibidi_toilet has 12 accounts:
[04-18 03:33:13]: [FINE] §7jamar_higgs, §aCobalt§7, paxton, yeeryee1142_, §askibidi_toilet§7, bodeman115, hen, leif_, §aCullen§7, landon_moss, rush, §aheny§7.
[04-18 03:33:13]: [FINE] skibidi_toilet logged in 0:0:0:0:0:0:0:1%0
[04-18 03:43:13]: [FINE] The user heny has 12 accounts:
[04-18 03:43:13]: [FINE] §7jamar_higgs, §aCobalt§7, paxton, yeeryee1142_, §askibidi_toilet§7, bodeman115, hen, leif_, §aCullen§7, landon_moss, rush, §aheny§7.
[04-18 03:43:13]: [FINE] heny logged in 0:0:0:0:0:0:0:1%0
[04-18 03:44:09]: [FINE] The user Bodeman115 has 12 accounts:
[04-18 03:44:09]: [FINE] §7jamar_higgs, §aCobalt§7, paxton, yeeryee1142_, §askibidi_toilet§7, §aBodeman115§7, hen, leif_, §aCullen§7, landon_moss, rush, §aheny§7.
[04-18 03:44:09]: [FINE] Bodeman115 logged in 0:0:0:0:0:0:0:1%0
[04-18 03:44:31]: [FINE] The user Cullen has 12 accounts:
[04-18 03:44:31]: [FINE] §7jamar_higgs, §aCobalt§7, paxton, yeeryee1142_, §askibidi_toilet§7, §aBodeman115§7, hen, leif_, §aCullen§7, landon_moss, rush, §aheny§7.
[04-18 03:44:31]: [FINE] Cullen logged in 0:0:0:0:0:0:0:1%0
[04-18 03:44:35]: [FINE] The user Bodeman115 has 12 accounts:
[04-18 03:44:35]: [FINE] §7jamar_higgs, §aCobalt§7, paxton, yeeryee1142_, §askibidi_toilet§7, §aBodeman115§7, hen, leif_, §aCullen§7, landon_moss, rush, §aheny§7.
[04-18 03:44:35]: [FINE] Bodeman115 logged in 0:0:0:0:0:0:0:1%0
[04-18 03:45:37]: [INFO] Bodeman115 was unregistered by Bodeman115
[04-18 03:45:58]: [FINE] Bodeman115 registered 0:0:0:0:0:0:0:1%0
[04-18 03:45:58]: [FINE] The user Bodeman115 has 12 accounts:
[04-18 03:45:58]: [FINE] §7jamar_higgs, §aCobalt§7, paxton, yeeryee1142_, §askibidi_toilet§7, hen, leif_, §aCullen§7, landon_moss, rush, §aheny§7, §aBodeman115§7.
[04-18 03:45:58]: [FINE] Bodeman115 logged in 0:0:0:0:0:0:0:1%0
[04-18 04:08:48]: [FINE] The user jamar_higgs has 12 accounts:
[04-18 04:08:48]: [FINE] §7§ajamar_higgs§7, §aCobalt§7, paxton, yeeryee1142_, §askibidi_toilet§7, hen, leif_, §aCullen§7, landon_moss, rush, §aheny§7, §aBodeman115§7.
[04-18 04:08:48]: [FINE] jamar_higgs logged in 0:0:0:0:0:0:0:1%0
[04-18 04:22:25]: [FINE] The user Bodeman115 has 12 accounts:
[04-18 04:22:25]: [FINE] §7jamar_higgs, §aCobalt§7, paxton, yeeryee1142_, skibidi_toilet, hen, leif_, §aCullen§7, landon_moss, rush, §aheny§7, §aBodeman115§7.
[04-18 04:22:25]: [FINE] Bodeman115 logged in 0:0:0:0:0:0:0:1%0
[04-18 04:22:54]: [INFO] Bodeman115 was unregistered by Bodeman115
[04-18 04:23:44]: [FINE] Bodeman115 registered 0:0:0:0:0:0:0:1%0
[04-18 04:23:44]: [FINE] The user Bodeman115 has 12 accounts:
[04-18 04:23:44]: [FINE] §7jamar_higgs, cobalt, paxton, yeeryee1142_, skibidi_toilet, hen, leif_, §aCullen§7, landon_moss, rush, §aheny§7, §aBodeman115§7.
[04-18 04:23:44]: [FINE] Bodeman115 logged in 0:0:0:0:0:0:0:1%0
[04-18 04:32:31]: [FINE] The user Cullen has 12 accounts:
[04-18 04:32:31]: [FINE] §7jamar_higgs, cobalt, paxton, yeeryee1142_, skibidi_toilet, hen, leif_, §aCullen§7, landon_moss, rush, §aheny§7, §aBodeman115§7.
[04-18 04:32:31]: [FINE] Cullen logged in 0:0:0:0:0:0:0:1%0
[04-18 04:34:18]: [FINE] The user skibidi_toilet has 12 accounts:
[04-18 04:34:18]: [FINE] §7jamar_higgs, cobalt, paxton, yeeryee1142_, §askibidi_toilet§7, hen, leif_, §aCullen§7, landon_moss, rush, §aheny§7, §aBodeman115§7.
[04-18 04:34:18]: [FINE] skibidi_toilet logged in 0:0:0:0:0:0:0:1%0
[04-18 04:48:06]: [FINE] The user heny has 12 accounts:
[04-18 04:48:06]: [FINE] §7jamar_higgs, cobalt, paxton, yeeryee1142_, skibidi_toilet, hen, leif_, §aCullen§7, landon_moss, rush, §aheny§7, §aBodeman115§7.
[04-18 04:48:06]: [FINE] heny logged in 0:0:0:0:0:0:0:1%0
[04-18 16:17:56]: [INFO] SQLite Setup finished
[04-18 16:17:56]: [INFO] No supported permissions system found! Permissions are disabled!
[04-18 16:17:57]: [WARN] WARNING! The protectInventory feature requires ProtocolLib! Disabling it...
[04-18 16:17:57]: [INFO] AuthMe 5.6.0 build n.CUSTOM successfully enabled!
[04-18 16:17:58]: [INFO] Downloading GEO IP database, because the old database is older than 30 days or doesn't exist
[04-18 16:17:58]: [WARN] No MaxMind credentials found in the configuration file! GeoIp protections will be disabled.
[04-18 16:17:58]: [INFO] There is no newer GEO IP database uploaded to MaxMind. Using the old one for now.
[04-18 16:17:58]: [WARN] Could not download GeoLiteAPI database [FileNotFoundException]: plugins/AuthMe/GeoLite2-Country.mmdb (No such file or directory)
[04-18 16:17:58]: java.io.FileNotFoundException: plugins/AuthMe/GeoLite2-Country.mmdb (No such file or directory)
	at java.base/java.io.RandomAccessFile.open0(Native Method)
	at java.base/java.io.RandomAccessFile.open(Unknown Source)
	at java.base/java.io.RandomAccessFile.<init>(Unknown Source)
	at java.base/java.io.RandomAccessFile.<init>(Unknown Source)
	at fr.xephi.authme.libs.com.maxmind.db.BufferHolder.<init>(BufferHolder.java:20)
	at fr.xephi.authme.libs.com.maxmind.db.Reader.<init>(Reader.java:121)
	at fr.xephi.authme.service.GeoIpService.startReading(GeoIpService.java:179)
	at fr.xephi.authme.service.GeoIpService.updateDatabase(GeoIpService.java:150)
	at org.bukkit.craftbukkit.v1_12_R1.scheduler.CraftTask.run(CraftTask.java:64)
	at org.bukkit.craftbukkit.v1_12_R1.scheduler.CraftAsyncTask.run(CraftAsyncTask.java:52)
	at com.destroystokyo.paper.ServerSchedulerReportingWrapper.run(ServerSchedulerReportingWrapper.java:22)
	at java.base/java.util.concurrent.ThreadPoolExecutor.runWorker(Unknown Source)
	at java.base/java.util.concurrent.ThreadPoolExecutor$Worker.run(Unknown Source)
	at java.base/java.lang.Thread.run(Unknown Source)

[04-18 16:26:01]: [FINE] The user Cobalt has 12 accounts:
[04-18 16:26:01]: [FINE] §7jamar_higgs, §aCobalt§7, paxton, yeeryee1142_, skibidi_toilet, hen, leif_, cullen, landon_moss, rush, heny, bodeman115.
[04-18 16:26:01]: [FINE] Cobalt logged in 0:0:0:0:0:0:0:1%0
[04-18 17:52:36]: [INFO] SQLite Setup finished
[04-18 17:52:36]: [INFO] No supported permissions system found! Permissions are disabled!
[04-18 17:52:36]: [WARN] WARNING! The protectInventory feature requires ProtocolLib! Disabling it...
[04-18 17:52:36]: [INFO] AuthMe 5.6.0 build n.CUSTOM successfully enabled!
[04-18 17:52:37]: [INFO] Downloading GEO IP database, because the old database is older than 30 days or doesn't exist
[04-18 17:52:37]: [WARN] No MaxMind credentials found in the configuration file! GeoIp protections will be disabled.
[04-18 17:52:37]: [INFO] There is no newer GEO IP database uploaded to MaxMind. Using the old one for now.
[04-18 17:52:37]: [WARN] Could not download GeoLiteAPI database [FileNotFoundException]: plugins/AuthMe/GeoLite2-Country.mmdb (No such file or directory)
[04-18 17:52:37]: java.io.FileNotFoundException: plugins/AuthMe/GeoLite2-Country.mmdb (No such file or directory)
	at java.base/java.io.RandomAccessFile.open0(Native Method)
	at java.base/java.io.RandomAccessFile.open(Unknown Source)
	at java.base/java.io.RandomAccessFile.<init>(Unknown Source)
	at java.base/java.io.RandomAccessFile.<init>(Unknown Source)
	at fr.xephi.authme.libs.com.maxmind.db.BufferHolder.<init>(BufferHolder.java:20)
	at fr.xephi.authme.libs.com.maxmind.db.Reader.<init>(Reader.java:121)
	at fr.xephi.authme.service.GeoIpService.startReading(GeoIpService.java:179)
	at fr.xephi.authme.service.GeoIpService.updateDatabase(GeoIpService.java:150)
	at org.bukkit.craftbukkit.v1_12_R1.scheduler.CraftTask.run(CraftTask.java:64)
	at org.bukkit.craftbukkit.v1_12_R1.scheduler.CraftAsyncTask.run(CraftAsyncTask.java:52)
	at com.destroystokyo.paper.ServerSchedulerReportingWrapper.run(ServerSchedulerReportingWrapper.java:22)
	at java.base/java.util.concurrent.ThreadPoolExecutor.runWorker(Unknown Source)
	at java.base/java.util.concurrent.ThreadPoolExecutor$Worker.run(Unknown Source)
	at java.base/java.lang.Thread.run(Unknown Source)

[04-18 18:10:02]: [INFO] AuthMe 5.6.0-bCUSTOM disabled!
[04-18 18:10:15]: [INFO] SQLite Setup finished
[04-18 18:10:15]: [INFO] No supported permissions system found! Permissions are disabled!
[04-18 18:10:15]: [WARN] WARNING! The protectInventory feature requires ProtocolLib! Disabling it...
[04-18 18:10:15]: [INFO] AuthMe 5.6.0 build n.CUSTOM successfully enabled!
[04-18 18:10:16]: [INFO] Downloading GEO IP database, because the old database is older than 30 days or doesn't exist
[04-18 18:10:16]: [WARN] No MaxMind credentials found in the configuration file! GeoIp protections will be disabled.
[04-18 18:10:16]: [INFO] There is no newer GEO IP database uploaded to MaxMind. Using the old one for now.
[04-18 18:10:16]: [WARN] Could not download GeoLiteAPI database [FileNotFoundException]: plugins/AuthMe/GeoLite2-Country.mmdb (No such file or directory)
[04-18 18:10:16]: java.io.FileNotFoundException: plugins/AuthMe/GeoLite2-Country.mmdb (No such file or directory)
	at java.base/java.io.RandomAccessFile.open0(Native Method)
	at java.base/java.io.RandomAccessFile.open(Unknown Source)
	at java.base/java.io.RandomAccessFile.<init>(Unknown Source)
	at java.base/java.io.RandomAccessFile.<init>(Unknown Source)
	at fr.xephi.authme.libs.com.maxmind.db.BufferHolder.<init>(BufferHolder.java:20)
	at fr.xephi.authme.libs.com.maxmind.db.Reader.<init>(Reader.java:121)
	at fr.xephi.authme.service.GeoIpService.startReading(GeoIpService.java:179)
	at fr.xephi.authme.service.GeoIpService.updateDatabase(GeoIpService.java:150)
	at org.bukkit.craftbukkit.v1_12_R1.scheduler.CraftTask.run(CraftTask.java:64)
	at org.bukkit.craftbukkit.v1_12_R1.scheduler.CraftAsyncTask.run(CraftAsyncTask.java:52)
	at com.destroystokyo.paper.ServerSchedulerReportingWrapper.run(ServerSchedulerReportingWrapper.java:22)
	at java.base/java.util.concurrent.ThreadPoolExecutor.runWorker(Unknown Source)
	at java.base/java.util.concurrent.ThreadPoolExecutor$Worker.run(Unknown Source)
	at java.base/java.lang.Thread.run(Unknown Source)

[04-18 18:14:38]: [FINE] The user skibidi_toilet has 12 accounts:
[04-18 18:14:38]: [FINE] §7jamar_higgs, cobalt, paxton, yeeryee1142_, §askibidi_toilet§7, hen, leif_, cullen, landon_moss, rush, heny, bodeman115.
[04-18 18:14:38]: [FINE] skibidi_toilet logged in 0:0:0:0:0:0:0:1%0
[04-18 18:18:18]: [FINE] The user Cobalt has 12 accounts:
[04-18 18:18:18]: [FINE] §7jamar_higgs, §aCobalt§7, paxton, yeeryee1142_, §askibidi_toilet§7, hen, leif_, cullen, landon_moss, rush, heny, bodeman115.
[04-18 18:18:18]: [FINE] Cobalt logged in 0:0:0:0:0:0:0:1%0
[04-18 18:25:03]: [FINE] The user Cobalt has 12 accounts:
[04-18 18:25:03]: [FINE] §7jamar_higgs, §aCobalt§7, paxton, yeeryee1142_, §askibidi_toilet§7, hen, leif_, cullen, landon_moss, rush, heny, bodeman115.
[04-18 18:25:03]: [FINE] Cobalt logged in 0:0:0:0:0:0:0:1%0
[04-18 19:26:27]: [FINE] The user Cobalt has 12 accounts:
[04-18 19:26:27]: [FINE] §7jamar_higgs, §aCobalt§7, paxton, yeeryee1142_, §askibidi_toilet§7, hen, leif_, cullen, landon_moss, rush, heny, bodeman115.
[04-18 19:26:27]: [FINE] Cobalt logged in 0:0:0:0:0:0:0:1%0
[04-18 19:29:56]: [INFO] SQLite Setup finished
[04-18 19:29:56]: [INFO] No supported permissions system found! Permissions are disabled!
[04-18 19:29:57]: [WARN] WARNING! The protectInventory feature requires ProtocolLib! Disabling it...
[04-18 19:29:58]: [INFO] AuthMe 5.6.0 build n.CUSTOM successfully enabled!
[04-18 19:30:00]: [INFO] Downloading GEO IP database, because the old database is older than 30 days or doesn't exist
[04-18 19:30:00]: [WARN] No MaxMind credentials found in the configuration file! GeoIp protections will be disabled.
[04-18 19:30:00]: [INFO] There is no newer GEO IP database uploaded to MaxMind. Using the old one for now.
[04-18 19:30:00]: [WARN] Could not download GeoLiteAPI database [FileNotFoundException]: plugins/AuthMe/GeoLite2-Country.mmdb (No such file or directory)
[04-18 19:30:00]: java.io.FileNotFoundException: plugins/AuthMe/GeoLite2-Country.mmdb (No such file or directory)
	at java.base/java.io.RandomAccessFile.open0(Native Method)
	at java.base/java.io.RandomAccessFile.open(Unknown Source)
	at java.base/java.io.RandomAccessFile.<init>(Unknown Source)
	at java.base/java.io.RandomAccessFile.<init>(Unknown Source)
	at fr.xephi.authme.libs.com.maxmind.db.BufferHolder.<init>(BufferHolder.java:20)
	at fr.xephi.authme.libs.com.maxmind.db.Reader.<init>(Reader.java:121)
	at fr.xephi.authme.service.GeoIpService.startReading(GeoIpService.java:179)
	at fr.xephi.authme.service.GeoIpService.updateDatabase(GeoIpService.java:150)
	at org.bukkit.craftbukkit.v1_12_R1.scheduler.CraftTask.run(CraftTask.java:64)
	at org.bukkit.craftbukkit.v1_12_R1.scheduler.CraftAsyncTask.run(CraftAsyncTask.java:52)
	at com.destroystokyo.paper.ServerSchedulerReportingWrapper.run(ServerSchedulerReportingWrapper.java:22)
	at java.base/java.util.concurrent.ThreadPoolExecutor.runWorker(Unknown Source)
	at java.base/java.util.concurrent.ThreadPoolExecutor$Worker.run(Unknown Source)
	at java.base/java.lang.Thread.run(Unknown Source)

[04-18 19:30:28]: [FINE] The user Cullen has 12 accounts:
[04-18 19:30:28]: [FINE] §7jamar_higgs, cobalt, paxton, yeeryee1142_, skibidi_toilet, hen, leif_, §aCullen§7, landon_moss, rush, heny, bodeman115.
[04-18 19:30:28]: [FINE] Cullen logged in 0:0:0:0:0:0:0:1%0
[04-18 19:34:27]: [FINE] The user Cobalt has 12 accounts:
[04-18 19:34:27]: [FINE] §7jamar_higgs, §aCobalt§7, paxton, yeeryee1142_, skibidi_toilet, hen, leif_, §aCullen§7, landon_moss, rush, heny, bodeman115.
[04-18 19:34:27]: [FINE] Cobalt logged in 0:0:0:0:0:0:0:1%0
[04-18 19:44:31]: [FINE] The user skibidi_toilet has 12 accounts:
[04-18 19:44:31]: [FINE] §7jamar_higgs, §aCobalt§7, paxton, yeeryee1142_, §askibidi_toilet§7, hen, leif_, §aCullen§7, landon_moss, rush, heny, bodeman115.
[04-18 19:44:31]: [FINE] skibidi_toilet logged in 0:0:0:0:0:0:0:1%0
[04-18 20:02:11]: [FINE] The user Cullen has 12 accounts:
[04-18 20:02:11]: [FINE] §7jamar_higgs, §aCobalt§7, paxton, yeeryee1142_, §askibidi_toilet§7, hen, leif_, §aCullen§7, landon_moss, rush, heny, bodeman115.
[04-18 20:02:11]: [FINE] Cullen logged in 0:0:0:0:0:0:0:1%0
[04-18 20:11:06]: [FINE] The user Cullen has 12 accounts:
[04-18 20:11:06]: [FINE] §7jamar_higgs, §aCobalt§7, paxton, yeeryee1142_, §askibidi_toilet§7, hen, leif_, §aCullen§7, landon_moss, rush, heny, bodeman115.
[04-18 20:11:06]: [FINE] Cullen logged in 0:0:0:0:0:0:0:1%0
[04-18 20:32:23]: [FINE] The user Cullen has 12 accounts:
[04-18 20:32:23]: [FINE] §7jamar_higgs, §aCobalt§7, paxton, yeeryee1142_, §askibidi_toilet§7, hen, leif_, §aCullen§7, landon_moss, rush, heny, bodeman115.
[04-18 20:32:23]: [FINE] Cullen logged in 0:0:0:0:0:0:0:1%0
[04-18 20:59:20]: [FINE] The user skibidi_toilet has 12 accounts:
[04-18 20:59:20]: [FINE] §7jamar_higgs, §aCobalt§7, paxton, yeeryee1142_, §askibidi_toilet§7, hen, leif_, §aCullen§7, landon_moss, rush, heny, bodeman115.
[04-18 20:59:20]: [FINE] skibidi_toilet logged in 0:0:0:0:0:0:0:1%0
[04-21 13:07:05]: [INFO] SQLite Setup finished
[04-21 13:07:05]: [INFO] No supported permissions system found! Permissions are disabled!
[04-21 13:07:06]: [WARN] WARNING! The protectInventory feature requires ProtocolLib! Disabling it...
[04-21 13:07:06]: [INFO] AuthMe 5.6.0 build n.CUSTOM successfully enabled!
[04-21 13:07:08]: [INFO] Downloading GEO IP database, because the old database is older than 30 days or doesn't exist
[04-21 13:07:08]: [WARN] No MaxMind credentials found in the configuration file! GeoIp protections will be disabled.
[04-21 13:07:08]: [INFO] There is no newer GEO IP database uploaded to MaxMind. Using the old one for now.
[04-21 13:07:08]: [WARN] Could not download GeoLiteAPI database [FileNotFoundException]: plugins/AuthMe/GeoLite2-Country.mmdb (No such file or directory)
[04-21 13:07:08]: java.io.FileNotFoundException: plugins/AuthMe/GeoLite2-Country.mmdb (No such file or directory)
	at java.base/java.io.RandomAccessFile.open0(Native Method)
	at java.base/java.io.RandomAccessFile.open(Unknown Source)
	at java.base/java.io.RandomAccessFile.<init>(Unknown Source)
	at java.base/java.io.RandomAccessFile.<init>(Unknown Source)
	at fr.xephi.authme.libs.com.maxmind.db.BufferHolder.<init>(BufferHolder.java:20)
	at fr.xephi.authme.libs.com.maxmind.db.Reader.<init>(Reader.java:121)
	at fr.xephi.authme.service.GeoIpService.startReading(GeoIpService.java:179)
	at fr.xephi.authme.service.GeoIpService.updateDatabase(GeoIpService.java:150)
	at org.bukkit.craftbukkit.v1_12_R1.scheduler.CraftTask.run(CraftTask.java:64)
	at org.bukkit.craftbukkit.v1_12_R1.scheduler.CraftAsyncTask.run(CraftAsyncTask.java:52)
	at com.destroystokyo.paper.ServerSchedulerReportingWrapper.run(ServerSchedulerReportingWrapper.java:22)
	at java.base/java.util.concurrent.ThreadPoolExecutor.runWorker(Unknown Source)
	at java.base/java.util.concurrent.ThreadPoolExecutor$Worker.run(Unknown Source)
	at java.base/java.lang.Thread.run(Unknown Source)

[04-21 13:12:52]: [FINE] Bodeman115 used the wrong password
[04-21 13:12:59]: [FINE] Bodeman115 used the wrong password
[04-21 13:13:08]: [FINE] The user Bodeman115 has 12 accounts:
[04-21 13:13:08]: [FINE] §7jamar_higgs, cobalt, paxton, yeeryee1142_, skibidi_toilet, hen, leif_, cullen, landon_moss, rush, heny, §aBodeman115§7.
[04-21 13:13:08]: [FINE] Bodeman115 logged in 0:0:0:0:0:0:0:1%0
[04-21 13:15:26]: [FINE] The user Cobalt has 12 accounts:
[04-21 13:15:26]: [FINE] §7jamar_higgs, §aCobalt§7, paxton, yeeryee1142_, skibidi_toilet, hen, leif_, cullen, landon_moss, rush, heny, §aBodeman115§7.
[04-21 13:15:26]: [FINE] Cobalt logged in 0:0:0:0:0:0:0:1%0
[04-21 13:23:55]: [FINE] The user Cobalt has 12 accounts:
[04-21 13:23:55]: [FINE] §7jamar_higgs, §aCobalt§7, paxton, yeeryee1142_, skibidi_toilet, hen, leif_, cullen, landon_moss, rush, heny, bodeman115.
[04-21 13:23:55]: [FINE] Cobalt logged in 0:0:0:0:0:0:0:1%0
[04-21 13:27:49]: [FINE] The user skibidi_toilet has 12 accounts:
[04-21 13:27:49]: [FINE] §7jamar_higgs, §aCobalt§7, paxton, yeeryee1142_, §askibidi_toilet§7, hen, leif_, cullen, landon_moss, rush, heny, bodeman115.
[04-21 13:27:49]: [FINE] skibidi_toilet logged in 0:0:0:0:0:0:0:1%0
[04-21 13:37:57]: [FINE] The user leif_ has 12 accounts:
[04-21 13:37:57]: [FINE] §7jamar_higgs, cobalt, paxton, yeeryee1142_, skibidi_toilet, hen, §aleif_§7, cullen, landon_moss, rush, heny, bodeman115.
[04-21 13:37:57]: [FINE] leif_ logged in 0:0:0:0:0:0:0:1%0
[04-21 13:41:06]: [FINE] The user skibidi_toilet has 12 accounts:
[04-21 13:41:06]: [FINE] §7jamar_higgs, §aCobalt§7, paxton, yeeryee1142_, §askibidi_toilet§7, hen, §aleif_§7, cullen, landon_moss, rush, heny, bodeman115.
[04-21 13:41:06]: [FINE] skibidi_toilet logged in 0:0:0:0:0:0:0:1%0
[04-21 13:41:13]: [FINE] The user Cobalt has 12 accounts:
[04-21 13:41:13]: [FINE] §7jamar_higgs, §aCobalt§7, paxton, yeeryee1142_, §askibidi_toilet§7, hen, §aleif_§7, cullen, landon_moss, rush, heny, bodeman115.
[04-21 13:41:13]: [FINE] Cobalt logged in 0:0:0:0:0:0:0:1%0
[04-21 13:44:36]: [FINE] The user paxton has 12 accounts:
[04-21 13:44:36]: [FINE] §7jamar_higgs, §aCobalt§7, §apaxton§7, yeeryee1142_, §askibidi_toilet§7, hen, §aleif_§7, cullen, landon_moss, rush, heny, bodeman115.
[04-21 13:44:36]: [FINE] paxton logged in 0:0:0:0:0:0:0:1%0
[04-21 13:51:17]: [FINE] The user skibidi_toilet has 12 accounts:
[04-21 13:51:17]: [FINE] §7jamar_higgs, §aCobalt§7, §apaxton§7, yeeryee1142_, §askibidi_toilet§7, hen, leif_, cullen, landon_moss, rush, heny, bodeman115.
[04-21 13:51:17]: [FINE] skibidi_toilet logged in 0:0:0:0:0:0:0:1%0
[04-21 13:51:49]: [FINE] The user skibidi_toilet has 12 accounts:
[04-21 13:51:49]: [FINE] §7jamar_higgs, §aCobalt§7, §apaxton§7, yeeryee1142_, §askibidi_toilet§7, hen, leif_, cullen, landon_moss, rush, heny, bodeman115.
[04-21 13:51:49]: [FINE] skibidi_toilet logged in 0:0:0:0:0:0:0:1%0
[04-21 13:52:54]: [INFO] rush was unregistered by CONSOLE
[04-21 13:53:05]: [INFO] AuthMe 5.6.0-bCUSTOM disabled!
[04-21 13:53:25]: [INFO] SQLite Setup finished
[04-21 13:53:25]: [INFO] No supported permissions system found! Permissions are disabled!
[04-21 13:53:25]: [WARN] WARNING! The protectInventory feature requires ProtocolLib! Disabling it...
[04-21 13:53:25]: [INFO] AuthMe 5.6.0 build n.CUSTOM successfully enabled!
[04-21 13:53:26]: [INFO] Downloading GEO IP database, because the old database is older than 30 days or doesn't exist
[04-21 13:53:26]: [WARN] No MaxMind credentials found in the configuration file! GeoIp protections will be disabled.
[04-21 13:53:26]: [INFO] There is no newer GEO IP database uploaded to MaxMind. Using the old one for now.
[04-21 13:53:26]: [WARN] Could not download GeoLiteAPI database [FileNotFoundException]: plugins/AuthMe/GeoLite2-Country.mmdb (No such file or directory)
[04-21 13:53:26]: java.io.FileNotFoundException: plugins/AuthMe/GeoLite2-Country.mmdb (No such file or directory)
	at java.base/java.io.RandomAccessFile.open0(Native Method)
	at java.base/java.io.RandomAccessFile.open(Unknown Source)
	at java.base/java.io.RandomAccessFile.<init>(Unknown Source)
	at java.base/java.io.RandomAccessFile.<init>(Unknown Source)
	at fr.xephi.authme.libs.com.maxmind.db.BufferHolder.<init>(BufferHolder.java:20)
	at fr.xephi.authme.libs.com.maxmind.db.Reader.<init>(Reader.java:121)
	at fr.xephi.authme.service.GeoIpService.startReading(GeoIpService.java:179)
	at fr.xephi.authme.service.GeoIpService.updateDatabase(GeoIpService.java:150)
	at org.bukkit.craftbukkit.v1_12_R1.scheduler.CraftTask.run(CraftTask.java:64)
	at org.bukkit.craftbukkit.v1_12_R1.scheduler.CraftAsyncTask.run(CraftAsyncTask.java:52)
	at com.destroystokyo.paper.ServerSchedulerReportingWrapper.run(ServerSchedulerReportingWrapper.java:22)
	at java.base/java.util.concurrent.ThreadPoolExecutor.runWorker(Unknown Source)
	at java.base/java.util.concurrent.ThreadPoolExecutor$Worker.run(Unknown Source)
	at java.base/java.lang.Thread.run(Unknown Source)

[04-21 13:53:42]: [FINE] The user Cobalt has 11 accounts:
[04-21 13:53:42]: [FINE] §7jamar_higgs, §aCobalt§7, paxton, yeeryee1142_, §askibidi_toilet§7, hen, leif_, cullen, landon_moss, heny, bodeman115.
[04-21 13:53:42]: [FINE] Cobalt logged in 0:0:0:0:0:0:0:1%0
[04-21 13:53:47]: [FINE] The user skibidi_toilet has 11 accounts:
[04-21 13:53:47]: [FINE] §7jamar_higgs, §aCobalt§7, paxton, yeeryee1142_, §askibidi_toilet§7, hen, leif_, cullen, landon_moss, heny, bodeman115.
[04-21 13:53:47]: [FINE] skibidi_toilet logged in 0:0:0:0:0:0:0:1%0
[04-21 13:54:33]: [FINE] The user leif_ has 11 accounts:
[04-21 13:54:33]: [FINE] §7jamar_higgs, §aCobalt§7, paxton, yeeryee1142_, §askibidi_toilet§7, hen, §aleif_§7, cullen, landon_moss, heny, bodeman115.
[04-21 13:54:33]: [FINE] leif_ logged in 0:0:0:0:0:0:0:1%0
[04-21 13:57:10]: [FINE] The user Bodeman115 has 11 accounts:
[04-21 13:57:10]: [FINE] §7jamar_higgs, §aCobalt§7, paxton, yeeryee1142_, §askibidi_toilet§7, hen, leif_, cullen, landon_moss, heny, §aBodeman115§7.
[04-21 13:57:10]: [FINE] Bodeman115 logged in 0:0:0:0:0:0:0:1%0
[04-21 13:57:36]: [FINE] The user paxton has 11 accounts:
[04-21 13:57:36]: [FINE] §7jamar_higgs, §aCobalt§7, §apaxton§7, yeeryee1142_, §askibidi_toilet§7, hen, leif_, cullen, landon_moss, heny, §aBodeman115§7.
[04-21 13:57:36]: [FINE] paxton logged in 0:0:0:0:0:0:0:1%0
[04-21 14:00:59]: [FINE] The user leif_ has 11 accounts:
[04-21 14:00:59]: [FINE] §7jamar_higgs, cobalt, §apaxton§7, yeeryee1142_, §askibidi_toilet§7, hen, §aleif_§7, cullen, landon_moss, heny, §aBodeman115§7.
[04-21 14:00:59]: [FINE] leif_ logged in 0:0:0:0:0:0:0:1%0
[04-21 14:03:47]: [FINE] The user Cobalt has 11 accounts:
[04-21 14:03:47]: [FINE] §7jamar_higgs, §aCobalt§7, §apaxton§7, yeeryee1142_, §askibidi_toilet§7, §ahen§7, §aleif_§7, cullen, landon_moss, heny, §aBodeman115§7.
[04-21 14:03:47]: [FINE] Cobalt logged in 0:0:0:0:0:0:0:1%0
[04-21 14:03:47]: [FINE] The user hen has 11 accounts:
[04-21 14:03:47]: [FINE] §7jamar_higgs, §aCobalt§7, §apaxton§7, yeeryee1142_, §askibidi_toilet§7, §ahen§7, §aleif_§7, cullen, landon_moss, heny, §aBodeman115§7.
[04-21 14:03:47]: [FINE] hen logged in 0:0:0:0:0:0:0:1%0
[04-21 14:04:20]: [FINE] The user heny has 11 accounts:
[04-21 14:04:20]: [FINE] §7jamar_higgs, §aCobalt§7, §apaxton§7, yeeryee1142_, §askibidi_toilet§7, hen, §aleif_§7, cullen, landon_moss, §aheny§7, §aBodeman115§7.
[04-21 14:04:20]: [FINE] heny logged in 0:0:0:0:0:0:0:1%0
[04-21 14:04:40]: [INFO] hen was unregistered by Bodeman115
[04-21 14:14:06]: [FINE] Bodeman115 used the wrong password
[04-21 14:14:27]: [FINE] The user Bodeman115 has 10 accounts:
[04-21 14:14:27]: [FINE] §7jamar_higgs, §aCobalt§7, §apaxton§7, yeeryee1142_, §askibidi_toilet§7, leif_, cullen, landon_moss, §aheny§7, §aBodeman115§7.
[04-21 14:14:27]: [FINE] Bodeman115 logged in 0:0:0:0:0:0:0:1%0
[04-21 14:23:55]: [INFO] AuthMe 5.6.0-bCUSTOM disabled!
[04-21 14:25:30]: [INFO] SQLite Setup finished
[04-21 14:25:30]: [INFO] No supported permissions system found! Permissions are disabled!
[04-21 14:25:30]: [WARN] WARNING! The protectInventory feature requires ProtocolLib! Disabling it...
[04-21 14:25:31]: [INFO] AuthMe 5.6.0 build n.CUSTOM successfully enabled!
[04-21 14:25:32]: [INFO] Downloading GEO IP database, because the old database is older than 30 days or doesn't exist
[04-21 14:25:32]: [WARN] No MaxMind credentials found in the configuration file! GeoIp protections will be disabled.
[04-21 14:25:32]: [INFO] There is no newer GEO IP database uploaded to MaxMind. Using the old one for now.
[04-21 14:25:32]: [WARN] Could not download GeoLiteAPI database [FileNotFoundException]: plugins/AuthMe/GeoLite2-Country.mmdb (No such file or directory)
[04-21 14:25:32]: java.io.FileNotFoundException: plugins/AuthMe/GeoLite2-Country.mmdb (No such file or directory)
	at java.base/java.io.RandomAccessFile.open0(Native Method)
	at java.base/java.io.RandomAccessFile.open(Unknown Source)
	at java.base/java.io.RandomAccessFile.<init>(Unknown Source)
	at java.base/java.io.RandomAccessFile.<init>(Unknown Source)
	at fr.xephi.authme.libs.com.maxmind.db.BufferHolder.<init>(BufferHolder.java:20)
	at fr.xephi.authme.libs.com.maxmind.db.Reader.<init>(Reader.java:121)
	at fr.xephi.authme.service.GeoIpService.startReading(GeoIpService.java:179)
	at fr.xephi.authme.service.GeoIpService.updateDatabase(GeoIpService.java:150)
	at org.bukkit.craftbukkit.v1_12_R1.scheduler.CraftTask.run(CraftTask.java:64)
	at org.bukkit.craftbukkit.v1_12_R1.scheduler.CraftAsyncTask.run(CraftAsyncTask.java:52)
	at com.destroystokyo.paper.ServerSchedulerReportingWrapper.run(ServerSchedulerReportingWrapper.java:22)
	at java.base/java.util.concurrent.ThreadPoolExecutor.runWorker(Unknown Source)
	at java.base/java.util.concurrent.ThreadPoolExecutor$Worker.run(Unknown Source)
	at java.base/java.lang.Thread.run(Unknown Source)

[04-21 14:25:38]: [FINE] Bodeman115 used the wrong password
[04-21 14:25:48]: [FINE] Bodeman115 used the wrong password
[04-21 14:26:52]: [FINE] The user skibidi_toilet has 10 accounts:
[04-21 14:26:52]: [FINE] §7jamar_higgs, cobalt, paxton, yeeryee1142_, §askibidi_toilet§7, leif_, cullen, landon_moss, heny, §aBodeman115§7.
[04-21 14:26:52]: [FINE] skibidi_toilet logged in 0:0:0:0:0:0:0:1%0
[04-21 14:26:53]: [FINE] The user Bodeman115 has 10 accounts:
[04-21 14:26:53]: [FINE] §7jamar_higgs, cobalt, paxton, yeeryee1142_, §askibidi_toilet§7, leif_, cullen, landon_moss, heny, §aBodeman115§7.
[04-21 14:26:53]: [FINE] Bodeman115 logged in 0:0:0:0:0:0:0:1%0
[04-21 14:27:31]: [FINE] The user leif_ has 10 accounts:
[04-21 14:27:31]: [FINE] §7jamar_higgs, cobalt, paxton, yeeryee1142_, §askibidi_toilet§7, §aleif_§7, cullen, landon_moss, heny, §aBodeman115§7.
[04-21 14:27:31]: [FINE] leif_ logged in 0:0:0:0:0:0:0:1%0
[04-21 14:28:41]: [FINE] paxton used the wrong password
[04-21 14:28:50]: [FINE] The user paxton has 10 accounts:
[04-21 14:28:50]: [FINE] §7jamar_higgs, cobalt, §apaxton§7, yeeryee1142_, §askibidi_toilet§7, §aleif_§7, cullen, landon_moss, heny, §aBodeman115§7.
[04-21 14:28:50]: [FINE] paxton logged in 0:0:0:0:0:0:0:1%0
[04-21 14:30:19]: [FINE] heny used the wrong password
[04-21 14:30:31]: [FINE] The user heny has 10 accounts:
[04-21 14:30:31]: [FINE] §7jamar_higgs, cobalt, §apaxton§7, yeeryee1142_, §askibidi_toilet§7, §aleif_§7, cullen, landon_moss, §aheny§7, §aBodeman115§7.
[04-21 14:30:31]: [FINE] heny logged in 0:0:0:0:0:0:0:1%0
[04-21 14:31:23]: [FINE] The user skibidi_toilet has 10 accounts:
[04-21 14:31:23]: [FINE] §7jamar_higgs, cobalt, §apaxton§7, yeeryee1142_, §askibidi_toilet§7, §aleif_§7, cullen, landon_moss, §aheny§7, §aBodeman115§7.
[04-21 14:31:23]: [FINE] skibidi_toilet logged in 0:0:0:0:0:0:0:1%0
[04-21 14:31:27]: [INFO] landon_moss was unregistered by Bodeman115
[04-21 14:34:19]: [FINE] The user jamar_higgs has 9 accounts:
[04-21 14:34:19]: [FINE] §7§ajamar_higgs§7, cobalt, paxton, yeeryee1142_, §askibidi_toilet§7, §aleif_§7, cullen, §aheny§7, bodeman115.
[04-21 14:34:19]: [FINE] jamar_higgs logged in 0:0:0:0:0:0:0:1%0
[04-21 14:34:59]: [FINE] masonclaus registered 0:0:0:0:0:0:0:1%0
[04-21 14:34:59]: [FINE] The user masonclaus has 10 accounts:
[04-21 14:34:59]: [FINE] §7§ajamar_higgs§7, cobalt, paxton, yeeryee1142_, §askibidi_toilet§7, §aleif_§7, cullen, §aheny§7, bodeman115, §amasonclaus§7.
[04-21 14:34:59]: [FINE] masonclaus logged in 0:0:0:0:0:0:0:1%0
[04-21 14:35:08]: [FINE] nate_higgers69_ registered 0:0:0:0:0:0:0:1%0
[04-21 14:35:08]: [FINE] The user nate_higgers69_ has 11 accounts:
[04-21 14:35:08]: [FINE] §7§ajamar_higgs§7, cobalt, §apaxton§7, yeeryee1142_, §askibidi_toilet§7, §aleif_§7, cullen, §aheny§7, bodeman115, §amasonclaus§7, §anate_higgers69_§7.
[04-21 14:35:08]: [FINE] nate_higgers69_ logged in 0:0:0:0:0:0:0:1%0
[04-21 14:35:15]: [FINE] The user paxton has 11 accounts:
[04-21 14:35:15]: [FINE] §7§ajamar_higgs§7, cobalt, §apaxton§7, yeeryee1142_, §askibidi_toilet§7, §aleif_§7, cullen, §aheny§7, bodeman115, §amasonclaus§7, §anate_higgers69_§7.
[04-21 14:35:15]: [FINE] paxton logged in 0:0:0:0:0:0:0:1%0
[04-21 14:36:05]: [FINE] dying_fetus_porn registered 0:0:0:0:0:0:0:1%0
[04-21 14:36:05]: [FINE] The user dying_fetus_porn has 12 accounts:
[04-21 14:36:05]: [FINE] §7§ajamar_higgs§7, cobalt, §apaxton§7, yeeryee1142_, §askibidi_toilet§7, §aleif_§7, cullen, §aheny§7, bodeman115, §amasonclaus§7, §anate_higgers69_§7, §adying_fetus_porn§7.
[04-21 14:36:05]: [FINE] dying_fetus_porn logged in 0:0:0:0:0:0:0:1%0
[04-21 14:37:40]: [FINE] The user nate_higgers69_ has 12 accounts:
[04-21 14:37:40]: [FINE] §7§ajamar_higgs§7, cobalt, §apaxton§7, yeeryee1142_, §askibidi_toilet§7, §aleif_§7, cullen, §aheny§7, bodeman115, §amasonclaus§7, §anate_higgers69_§7, §adying_fetus_porn§7.
[04-21 14:37:40]: [FINE] nate_higgers69_ logged in 0:0:0:0:0:0:0:1%0
[04-21 14:40:38]: [FINE] D_PIDDY registered 0:0:0:0:0:0:0:1%0
[04-21 14:40:38]: [FINE] The user D_PIDDY has 13 accounts:
[04-21 14:40:38]: [FINE] §7§ajamar_higgs§7, cobalt, §apaxton§7, yeeryee1142_, §askibidi_toilet§7, §aleif_§7, cullen, §aheny§7, bodeman115, §amasonclaus§7, §anate_higgers69_§7, §adying_fetus_porn§7, §aD_PIDDY§7.
[04-21 14:40:38]: [FINE] D_PIDDY logged in 0:0:0:0:0:0:0:1%0
[04-21 14:41:17]: [INFO] AuthMe 5.6.0-bCUSTOM disabled!
[04-21 14:42:05]: [INFO] SQLite Setup finished
[04-21 14:42:05]: [INFO] Hooked into Vault!
[04-21 14:42:06]: [WARN] WARNING! The protectInventory feature requires ProtocolLib! Disabling it...
[04-21 14:42:06]: [INFO] AuthMe 5.6.0 build n.CUSTOM successfully enabled!
[04-21 14:42:06]: [INFO] Downloading GEO IP database, because the old database is older than 30 days or doesn't exist
[04-21 14:42:06]: [WARN] No MaxMind credentials found in the configuration file! GeoIp protections will be disabled.
[04-21 14:42:06]: [INFO] There is no newer GEO IP database uploaded to MaxMind. Using the old one for now.
[04-21 14:42:06]: [WARN] Could not download GeoLiteAPI database [FileNotFoundException]: plugins/AuthMe/GeoLite2-Country.mmdb (No such file or directory)
[04-21 14:42:06]: java.io.FileNotFoundException: plugins/AuthMe/GeoLite2-Country.mmdb (No such file or directory)
	at java.base/java.io.RandomAccessFile.open0(Native Method)
	at java.base/java.io.RandomAccessFile.open(Unknown Source)
	at java.base/java.io.RandomAccessFile.<init>(Unknown Source)
	at java.base/java.io.RandomAccessFile.<init>(Unknown Source)
	at fr.xephi.authme.libs.com.maxmind.db.BufferHolder.<init>(BufferHolder.java:20)
	at fr.xephi.authme.libs.com.maxmind.db.Reader.<init>(Reader.java:121)
	at fr.xephi.authme.service.GeoIpService.startReading(GeoIpService.java:179)
	at fr.xephi.authme.service.GeoIpService.updateDatabase(GeoIpService.java:150)
	at org.bukkit.craftbukkit.v1_12_R1.scheduler.CraftTask.run(CraftTask.java:64)
	at org.bukkit.craftbukkit.v1_12_R1.scheduler.CraftAsyncTask.run(CraftAsyncTask.java:52)
	at com.destroystokyo.paper.ServerSchedulerReportingWrapper.run(ServerSchedulerReportingWrapper.java:22)
	at java.base/java.util.concurrent.ThreadPoolExecutor.runWorker(Unknown Source)
	at java.base/java.util.concurrent.ThreadPoolExecutor$Worker.run(Unknown Source)
	at java.base/java.lang.Thread.run(Unknown Source)

[04-21 14:42:35]: [FINE] The user dying_fetus_porn has 13 accounts:
[04-21 14:42:35]: [FINE] §7jamar_higgs, cobalt, paxton, yeeryee1142_, skibidi_toilet, leif_, cullen, heny, bodeman115, masonclaus, nate_higgers69_, §adying_fetus_porn§7, d_piddy.
[04-21 14:42:35]: [FINE] dying_fetus_porn logged in 0:0:0:0:0:0:0:1%0
[04-21 14:42:54]: [FINE] The user skibidi_toilet has 13 accounts:
[04-21 14:42:54]: [FINE] §7jamar_higgs, cobalt, paxton, yeeryee1142_, §askibidi_toilet§7, leif_, cullen, heny, bodeman115, masonclaus, nate_higgers69_, §adying_fetus_porn§7, §aD_PIDDY§7.
[04-21 14:42:54]: [FINE] skibidi_toilet logged in 0:0:0:0:0:0:0:1%0
[04-21 14:43:02]: [FINE] The user D_PIDDY has 13 accounts:
[04-21 14:43:02]: [FINE] §7jamar_higgs, cobalt, paxton, yeeryee1142_, §askibidi_toilet§7, leif_, cullen, heny, bodeman115, §amasonclaus§7, nate_higgers69_, §adying_fetus_porn§7, §aD_PIDDY§7.
[04-21 14:43:02]: [FINE] D_PIDDY logged in 0:0:0:0:0:0:0:1%0
[04-21 14:43:05]: [FINE] The user masonclaus has 13 accounts:
[04-21 14:43:05]: [FINE] §7jamar_higgs, cobalt, paxton, yeeryee1142_, §askibidi_toilet§7, leif_, cullen, heny, bodeman115, §amasonclaus§7, nate_higgers69_, §adying_fetus_porn§7, §aD_PIDDY§7.
[04-21 14:43:05]: [FINE] masonclaus logged in 0:0:0:0:0:0:0:1%0
[04-21 14:43:10]: [FINE] The user heny has 13 accounts:
[04-21 14:43:10]: [FINE] §7jamar_higgs, cobalt, paxton, yeeryee1142_, §askibidi_toilet§7, leif_, cullen, §aheny§7, bodeman115, §amasonclaus§7, nate_higgers69_, §adying_fetus_porn§7, §aD_PIDDY§7.
[04-21 14:43:10]: [FINE] heny logged in 0:0:0:0:0:0:0:1%0
[04-21 14:43:28]: [FINE] The user paxton has 13 accounts:
[04-21 14:43:28]: [FINE] §7jamar_higgs, cobalt, §apaxton§7, yeeryee1142_, §askibidi_toilet§7, leif_, cullen, §aheny§7, bodeman115, §amasonclaus§7, nate_higgers69_, §adying_fetus_porn§7, §aD_PIDDY§7.
[04-21 14:43:28]: [FINE] paxton logged in 0:0:0:0:0:0:0:1%0
[04-21 14:43:47]: [FINE] The user leif_ has 13 accounts:
[04-21 14:43:47]: [FINE] §7jamar_higgs, cobalt, §apaxton§7, yeeryee1142_, §askibidi_toilet§7, §aleif_§7, cullen, §aheny§7, bodeman115, §amasonclaus§7, nate_higgers69_, §adying_fetus_porn§7, §aD_PIDDY§7.
[04-21 14:43:47]: [FINE] leif_ logged in 0:0:0:0:0:0:0:1%0
[04-21 14:44:00]: [FINE] The user Bodeman115 has 13 accounts:
[04-21 14:44:00]: [FINE] §7jamar_higgs, cobalt, §apaxton§7, yeeryee1142_, §askibidi_toilet§7, §aleif_§7, cullen, §aheny§7, §aBodeman115§7, §amasonclaus§7, §anate_higgers69_§7, §adying_fetus_porn§7, §aD_PIDDY§7.
[04-21 14:44:00]: [FINE] Bodeman115 logged in 0:0:0:0:0:0:0:1%0
[04-21 14:44:11]: [FINE] The user nate_higgers69_ has 13 accounts:
[04-21 14:44:11]: [FINE] §7jamar_higgs, cobalt, §apaxton§7, yeeryee1142_, §askibidi_toilet§7, §aleif_§7, cullen, §aheny§7, §aBodeman115§7, §amasonclaus§7, §anate_higgers69_§7, §adying_fetus_porn§7, §aD_PIDDY§7.
[04-21 14:44:11]: [FINE] nate_higgers69_ logged in 0:0:0:0:0:0:0:1%0
[04-21 14:44:41]: [FINE] The user nate_higgers69_ has 13 accounts:
[04-21 14:44:41]: [FINE] §7jamar_higgs, cobalt, §apaxton§7, yeeryee1142_, §askibidi_toilet§7, §aleif_§7, cullen, §aheny§7, §aBodeman115§7, §amasonclaus§7, §anate_higgers69_§7, §adying_fetus_porn§7, §aD_PIDDY§7.
[04-21 14:44:41]: [FINE] nate_higgers69_ logged in 0:0:0:0:0:0:0:1%0
[04-21 14:46:16]: [FINE] The user paxton has 13 accounts:
[04-21 14:46:16]: [FINE] §7jamar_higgs, cobalt, §apaxton§7, yeeryee1142_, §askibidi_toilet§7, §aleif_§7, cullen, §aheny§7, §aBodeman115§7, §amasonclaus§7, nate_higgers69_, §adying_fetus_porn§7, §aD_PIDDY§7.
[04-21 14:46:16]: [FINE] paxton logged in 0:0:0:0:0:0:0:1%0
[04-21 14:48:18]: [FINE] Nate_Higgers registered 0:0:0:0:0:0:0:1%0
[04-21 14:48:18]: [FINE] The user Nate_Higgers has 14 accounts:
[04-21 14:48:18]: [FINE] §7jamar_higgs, cobalt, §apaxton§7, yeeryee1142_, §askibidi_toilet§7, §aleif_§7, cullen, §aheny§7, §aBodeman115§7, §amasonclaus§7, nate_higgers69_, §adying_fetus_porn§7, §aD_PIDDY§7, §aNate_Higgers§7.
[04-21 14:48:18]: [FINE] Nate_Higgers logged in 0:0:0:0:0:0:0:1%0
[04-21 14:51:49]: [FINE] paxton used the wrong password
[04-21 14:54:40]: [FINE] The user Cobalt has 14 accounts:
[04-21 14:54:40]: [FINE] §7jamar_higgs, §aCobalt§7, paxton, yeeryee1142_, skibidi_toilet, leif_, cullen, heny, bodeman115, masonclaus, nate_higgers69_, dying_fetus_porn, d_piddy, nate_higgers.
[04-21 14:54:40]: [FINE] Cobalt logged in 0:0:0:0:0:0:0:1%0
[04-21 14:55:31]: [FINE] The user leif_ has 14 accounts:
[04-21 14:55:31]: [FINE] §7jamar_higgs, §aCobalt§7, paxton, yeeryee1142_, skibidi_toilet, §aleif_§7, cullen, heny, bodeman115, masonclaus, nate_higgers69_, dying_fetus_porn, d_piddy, nate_higgers.
[04-21 14:55:31]: [FINE] leif_ logged in 0:0:0:0:0:0:0:1%0
[04-21 14:57:03]: [FINE] masonclaus used the wrong password
[04-21 14:57:49]: [FINE] The user Bodeman115 has 14 accounts:
[04-21 14:57:49]: [FINE] §7jamar_higgs, §aCobalt§7, paxton, yeeryee1142_, skibidi_toilet, leif_, cullen, heny, §aBodeman115§7, masonclaus, nate_higgers69_, dying_fetus_porn, d_piddy, nate_higgers.
[04-21 14:57:49]: [FINE] Bodeman115 logged in 0:0:0:0:0:0:0:1%0
[04-21 14:58:31]: [FINE] The user leif_ has 14 accounts:
[04-21 14:58:31]: [FINE] §7jamar_higgs, §aCobalt§7, paxton, yeeryee1142_, skibidi_toilet, §aleif_§7, cullen, heny, §aBodeman115§7, masonclaus, nate_higgers69_, dying_fetus_porn, d_piddy, nate_higgers.
[04-21 14:58:31]: [FINE] leif_ logged in 0:0:0:0:0:0:0:1%0
[04-21 14:59:13]: [FINE] The user skibidi_toilet has 14 accounts:
[04-21 14:59:13]: [FINE] §7jamar_higgs, cobalt, paxton, yeeryee1142_, §askibidi_toilet§7, §aleif_§7, cullen, heny, bodeman115, masonclaus, nate_higgers69_, dying_fetus_porn, d_piddy, nate_higgers.
[04-21 14:59:13]: [FINE] skibidi_toilet logged in 0:0:0:0:0:0:0:1%0
[04-21 14:59:50]: [FINE] The user masonclaus has 14 accounts:
[04-21 14:59:50]: [FINE] §7jamar_higgs, cobalt, paxton, yeeryee1142_, §askibidi_toilet§7, §aleif_§7, cullen, heny, bodeman115, §amasonclaus§7, nate_higgers69_, §adying_fetus_porn§7, d_piddy, nate_higgers.
[04-21 14:59:50]: [FINE] masonclaus logged in 0:0:0:0:0:0:0:1%0
[04-21 14:59:54]: [FINE] The user dying_fetus_porn has 14 accounts:
[04-21 14:59:54]: [FINE] §7jamar_higgs, cobalt, paxton, yeeryee1142_, §askibidi_toilet§7, §aleif_§7, cullen, heny, bodeman115, §amasonclaus§7, nate_higgers69_, §adying_fetus_porn§7, d_piddy, nate_higgers.
[04-21 14:59:54]: [FINE] dying_fetus_porn logged in 0:0:0:0:0:0:0:1%0
[04-21 15:01:01]: [FINE] fingermesideways registered 0:0:0:0:0:0:0:1%0
[04-21 15:01:01]: [FINE] The user fingermesideways has 15 accounts:
[04-21 15:01:01]: [FINE] §7jamar_higgs, cobalt, paxton, yeeryee1142_, §askibidi_toilet§7, §aleif_§7, cullen, heny, bodeman115, §amasonclaus§7, nate_higgers69_, §adying_fetus_porn§7, d_piddy, nate_higgers, §afingermesideways§7.
[04-21 15:01:01]: [FINE] fingermesideways logged in 0:0:0:0:0:0:0:1%0
[04-21 15:02:14]: [FINE] dying_fetus_porn used the wrong password
[04-21 15:02:32]: [FINE] The user dying_fetus_porn has 15 accounts:
[04-21 15:02:32]: [FINE] §7jamar_higgs, cobalt, paxton, yeeryee1142_, §askibidi_toilet§7, leif_, cullen, heny, bodeman115, masonclaus, nate_higgers69_, §adying_fetus_porn§7, d_piddy, nate_higgers, fingermesideways.
[04-21 15:02:32]: [FINE] dying_fetus_porn logged in 0:0:0:0:0:0:0:1%0
[04-21 15:03:11]: [FINE] The user masonclaus has 15 accounts:
[04-21 15:03:11]: [FINE] §7jamar_higgs, cobalt, paxton, yeeryee1142_, §askibidi_toilet§7, leif_, cullen, heny, bodeman115, §amasonclaus§7, nate_higgers69_, §adying_fetus_porn§7, d_piddy, nate_higgers, fingermesideways.
[04-21 15:03:11]: [FINE] masonclaus logged in 0:0:0:0:0:0:0:1%0
[04-21 15:03:31]: [FINE] The user fingermesideways has 15 accounts:
[04-21 15:03:31]: [FINE] §7jamar_higgs, cobalt, paxton, yeeryee1142_, §askibidi_toilet§7, §aleif_§7, cullen, heny, bodeman115, §amasonclaus§7, nate_higgers69_, §adying_fetus_porn§7, d_piddy, nate_higgers, §afingermesideways§7.
[04-21 15:03:31]: [FINE] fingermesideways logged in 0:0:0:0:0:0:0:1%0
[04-21 15:03:31]: [FINE] The user leif_ has 15 accounts:
[04-21 15:03:31]: [FINE] §7jamar_higgs, cobalt, paxton, yeeryee1142_, §askibidi_toilet§7, §aleif_§7, cullen, heny, bodeman115, §amasonclaus§7, nate_higgers69_, §adying_fetus_porn§7, d_piddy, nate_higgers, §afingermesideways§7.
[04-21 15:03:31]: [FINE] leif_ logged in 0:0:0:0:0:0:0:1%0
[04-21 15:20:58]: [FINE] The user fingermesideways has 15 accounts:
[04-21 15:20:58]: [FINE] §7jamar_higgs, cobalt, paxton, yeeryee1142_, §askibidi_toilet§7, §aleif_§7, cullen, heny, bodeman115, §amasonclaus§7, nate_higgers69_, §adying_fetus_porn§7, d_piddy, nate_higgers, §afingermesideways§7.
[04-21 15:20:58]: [FINE] fingermesideways logged in 0:0:0:0:0:0:0:1%0
[04-21 15:21:39]: [FINE] Bodeman115 used the wrong password
[04-21 15:21:49]: [FINE] The user Bodeman115 has 15 accounts:
[04-21 15:21:49]: [FINE] §7jamar_higgs, cobalt, paxton, yeeryee1142_, §askibidi_toilet§7, §aleif_§7, cullen, heny, §aBodeman115§7, §amasonclaus§7, nate_higgers69_, §adying_fetus_porn§7, d_piddy, nate_higgers, §afingermesideways§7.
[04-21 15:21:49]: [FINE] Bodeman115 logged in 0:0:0:0:0:0:0:1%0
[04-21 15:25:17]: [INFO] AuthMe 5.6.0-bCUSTOM disabled!
[04-21 15:25:30]: [INFO] SQLite Setup finished
[04-21 15:25:31]: [INFO] No supported permissions system found! Permissions are disabled!
[04-21 15:25:31]: [WARN] WARNING! The protectInventory feature requires ProtocolLib! Disabling it...
[04-21 15:25:31]: [INFO] AuthMe 5.6.0 build n.CUSTOM successfully enabled!
[04-21 15:25:32]: [INFO] Downloading GEO IP database, because the old database is older than 30 days or doesn't exist
[04-21 15:25:32]: [WARN] No MaxMind credentials found in the configuration file! GeoIp protections will be disabled.
[04-21 15:25:32]: [INFO] There is no newer GEO IP database uploaded to MaxMind. Using the old one for now.
[04-21 15:25:32]: [WARN] Could not download GeoLiteAPI database [FileNotFoundException]: plugins/AuthMe/GeoLite2-Country.mmdb (No such file or directory)
[04-21 15:25:32]: java.io.FileNotFoundException: plugins/AuthMe/GeoLite2-Country.mmdb (No such file or directory)
	at java.base/java.io.RandomAccessFile.open0(Native Method)
	at java.base/java.io.RandomAccessFile.open(Unknown Source)
	at java.base/java.io.RandomAccessFile.<init>(Unknown Source)
	at java.base/java.io.RandomAccessFile.<init>(Unknown Source)
	at fr.xephi.authme.libs.com.maxmind.db.BufferHolder.<init>(BufferHolder.java:20)
	at fr.xephi.authme.libs.com.maxmind.db.Reader.<init>(Reader.java:121)
	at fr.xephi.authme.service.GeoIpService.startReading(GeoIpService.java:179)
	at fr.xephi.authme.service.GeoIpService.updateDatabase(GeoIpService.java:150)
	at org.bukkit.craftbukkit.v1_12_R1.scheduler.CraftTask.run(CraftTask.java:64)
	at org.bukkit.craftbukkit.v1_12_R1.scheduler.CraftAsyncTask.run(CraftAsyncTask.java:52)
	at com.destroystokyo.paper.ServerSchedulerReportingWrapper.run(ServerSchedulerReportingWrapper.java:22)
	at java.base/java.util.concurrent.ThreadPoolExecutor.runWorker(Unknown Source)
	at java.base/java.util.concurrent.ThreadPoolExecutor$Worker.run(Unknown Source)
	at java.base/java.lang.Thread.run(Unknown Source)

[04-21 15:25:52]: [FINE] masonclaus used the wrong password
[04-21 15:25:53]: [FINE] The user fingermesideways has 15 accounts:
[04-21 15:25:53]: [FINE] §7jamar_higgs, cobalt, paxton, yeeryee1142_, skibidi_toilet, leif_, cullen, heny, bodeman115, masonclaus, nate_higgers69_, dying_fetus_porn, d_piddy, nate_higgers, §afingermesideways§7.
[04-21 15:25:53]: [FINE] fingermesideways logged in 0:0:0:0:0:0:0:1%0
[04-21 15:26:10]: [FINE] The user Bodeman115 has 15 accounts:
[04-21 15:26:10]: [FINE] §7jamar_higgs, cobalt, paxton, yeeryee1142_, §askibidi_toilet§7, leif_, cullen, heny, §aBodeman115§7, masonclaus, nate_higgers69_, §adying_fetus_porn§7, d_piddy, nate_higgers, §afingermesideways§7.
[04-21 15:26:10]: [FINE] Bodeman115 logged in 0:0:0:0:0:0:0:1%0
[04-21 15:26:17]: [FINE] The user dying_fetus_porn has 15 accounts:
[04-21 15:26:17]: [FINE] §7jamar_higgs, cobalt, paxton, yeeryee1142_, skibidi_toilet, leif_, cullen, heny, §aBodeman115§7, masonclaus, nate_higgers69_, §adying_fetus_porn§7, d_piddy, nate_higgers, §afingermesideways§7.
[04-21 15:26:17]: [FINE] dying_fetus_porn logged in 0:0:0:0:0:0:0:1%0
[04-21 15:33:05]: [FINE] The user fingermesideways has 15 accounts:
[04-21 15:33:05]: [FINE] §7jamar_higgs, cobalt, paxton, yeeryee1142_, skibidi_toilet, leif_, cullen, heny, bodeman115, masonclaus, nate_higgers69_, dying_fetus_porn, d_piddy, nate_higgers, §afingermesideways§7.
[04-21 15:33:05]: [FINE] fingermesideways logged in 0:0:0:0:0:0:0:1%0
[04-21 15:33:43]: [FINE] The user masonclaus has 15 accounts:
[04-21 15:33:43]: [FINE] §7jamar_higgs, cobalt, paxton, yeeryee1142_, skibidi_toilet, leif_, cullen, heny, §aBodeman115§7, §amasonclaus§7, nate_higgers69_, dying_fetus_porn, d_piddy, nate_higgers, §afingermesideways§7.
[04-21 15:33:43]: [FINE] masonclaus logged in 0:0:0:0:0:0:0:1%0
[04-21 15:33:51]: [FINE] The user Bodeman115 has 15 accounts:
[04-21 15:33:51]: [FINE] §7jamar_higgs, cobalt, paxton, yeeryee1142_, skibidi_toilet, leif_, cullen, heny, §aBodeman115§7, §amasonclaus§7, nate_higgers69_, dying_fetus_porn, d_piddy, nate_higgers, §afingermesideways§7.
[04-21 15:33:51]: [FINE] Bodeman115 logged in 0:0:0:0:0:0:0:1%0
[04-21 15:34:38]: [FINE] The user leif_ has 15 accounts:
[04-21 15:34:38]: [FINE] §7jamar_higgs, cobalt, paxton, yeeryee1142_, skibidi_toilet, §aleif_§7, cullen, heny, §aBodeman115§7, §amasonclaus§7, nate_higgers69_, dying_fetus_porn, d_piddy, nate_higgers, §afingermesideways§7.
[04-21 15:34:38]: [FINE] leif_ logged in 0:0:0:0:0:0:0:1%0
[04-21 15:38:19]: [FINE] The user fingermesideways has 15 accounts:
[04-21 15:38:19]: [FINE] §7jamar_higgs, cobalt, paxton, yeeryee1142_, skibidi_toilet, §aleif_§7, cullen, heny, bodeman115, masonclaus, nate_higgers69_, dying_fetus_porn, d_piddy, nate_higgers, §afingermesideways§7.
[04-21 15:38:19]: [FINE] fingermesideways logged in 0:0:0:0:0:0:0:1%0
[04-21 15:38:22]: [FINE] The user leif_ has 15 accounts:
[04-21 15:38:22]: [FINE] §7jamar_higgs, cobalt, paxton, yeeryee1142_, skibidi_toilet, §aleif_§7, cullen, heny, bodeman115, masonclaus, nate_higgers69_, dying_fetus_porn, d_piddy, nate_higgers, §afingermesideways§7.
[04-21 15:38:22]: [FINE] leif_ logged in 0:0:0:0:0:0:0:1%0
[04-21 15:40:37]: [FINE] The user fingermesideways has 15 accounts:
[04-21 15:40:37]: [FINE] §7jamar_higgs, cobalt, paxton, yeeryee1142_, skibidi_toilet, §aleif_§7, cullen, heny, bodeman115, masonclaus, nate_higgers69_, dying_fetus_porn, d_piddy, nate_higgers, §afingermesideways§7.
[04-21 15:40:37]: [FINE] fingermesideways logged in 0:0:0:0:0:0:0:1%0
[04-21 15:40:47]: [FINE] The user masonclaus has 15 accounts:
[04-21 15:40:47]: [FINE] §7jamar_higgs, cobalt, paxton, yeeryee1142_, skibidi_toilet, §aleif_§7, cullen, heny, bodeman115, §amasonclaus§7, nate_higgers69_, dying_fetus_porn, d_piddy, nate_higgers, §afingermesideways§7.
[04-21 15:40:47]: [FINE] masonclaus logged in 0:0:0:0:0:0:0:1%0
[04-21 15:41:30]: [FINE] The user Bodeman115 has 15 accounts:
[04-21 15:41:30]: [FINE] §7jamar_higgs, cobalt, paxton, yeeryee1142_, skibidi_toilet, §aleif_§7, cullen, heny, §aBodeman115§7, §amasonclaus§7, nate_higgers69_, dying_fetus_porn, d_piddy, nate_higgers, §afingermesideways§7.
[04-21 15:41:30]: [FINE] Bodeman115 logged in 0:0:0:0:0:0:0:1%0
[04-21 15:47:02]: [FINE] The user leif_ has 15 accounts:
[04-21 15:47:02]: [FINE] §7jamar_higgs, cobalt, paxton, yeeryee1142_, skibidi_toilet, §aleif_§7, cullen, heny, §aBodeman115§7, masonclaus, nate_higgers69_, dying_fetus_porn, d_piddy, nate_higgers, fingermesideways.
[04-21 15:47:02]: [FINE] leif_ logged in 0:0:0:0:0:0:0:1%0
[04-21 15:47:15]: [FINE] The user fingermesideways has 15 accounts:
[04-21 15:47:15]: [FINE] §7jamar_higgs, cobalt, paxton, yeeryee1142_, skibidi_toilet, §aleif_§7, cullen, heny, §aBodeman115§7, masonclaus, nate_higgers69_, dying_fetus_porn, d_piddy, nate_higgers, §afingermesideways§7.
[04-21 15:47:15]: [FINE] fingermesideways logged in 0:0:0:0:0:0:0:1%0
[04-21 15:58:04]: [FINE] The user Cobalt has 15 accounts:
[04-21 15:58:04]: [FINE] §7jamar_higgs, §aCobalt§7, paxton, yeeryee1142_, skibidi_toilet, leif_, cullen, heny, bodeman115, masonclaus, nate_higgers69_, dying_fetus_porn, d_piddy, nate_higgers, fingermesideways.
[04-21 15:58:04]: [FINE] Cobalt logged in 0:0:0:0:0:0:0:1%0
[04-21 15:59:19]: [FINE] The user masonclaus has 15 accounts:
[04-21 15:59:19]: [FINE] §7jamar_higgs, §aCobalt§7, paxton, yeeryee1142_, skibidi_toilet, leif_, cullen, heny, bodeman115, §amasonclaus§7, nate_higgers69_, dying_fetus_porn, d_piddy, nate_higgers, fingermesideways.
[04-21 15:59:19]: [FINE] masonclaus logged in 0:0:0:0:0:0:0:1%0
[04-21 15:59:41]: [FINE] The user heny has 15 accounts:
[04-21 15:59:41]: [FINE] §7jamar_higgs, §aCobalt§7, paxton, yeeryee1142_, skibidi_toilet, leif_, cullen, §aheny§7, bodeman115, §amasonclaus§7, nate_higgers69_, dying_fetus_porn, d_piddy, nate_higgers, fingermesideways.
[04-21 15:59:41]: [FINE] heny logged in 0:0:0:0:0:0:0:1%0
[04-21 16:03:17]: [FINE] The user Bodeman115 has 15 accounts:
[04-21 16:03:17]: [FINE] §7jamar_higgs, §aCobalt§7, paxton, yeeryee1142_, skibidi_toilet, leif_, cullen, heny, §aBodeman115§7, §amasonclaus§7, nate_higgers69_, dying_fetus_porn, d_piddy, nate_higgers, fingermesideways.
[04-21 16:03:17]: [FINE] Bodeman115 logged in 0:0:0:0:0:0:0:1%0
[04-21 16:04:26]: [FINE] The user skibidi_toilet has 15 accounts:
[04-21 16:04:26]: [FINE] §7jamar_higgs, §aCobalt§7, paxton, yeeryee1142_, §askibidi_toilet§7, leif_, cullen, heny, §aBodeman115§7, §amasonclaus§7, nate_higgers69_, dying_fetus_porn, d_piddy, nate_higgers, fingermesideways.
[04-21 16:04:26]: [FINE] skibidi_toilet logged in 0:0:0:0:0:0:0:1%0
[04-21 17:25:45]: [INFO] SQLite Setup finished
[04-21 17:25:45]: [INFO] No supported permissions system found! Permissions are disabled!
[04-21 17:25:46]: [WARN] WARNING! The protectInventory feature requires ProtocolLib! Disabling it...
[04-21 17:25:46]: [INFO] AuthMe 5.6.0 build n.CUSTOM successfully enabled!
[04-21 17:25:49]: [INFO] Downloading GEO IP database, because the old database is older than 30 days or doesn't exist
[04-21 17:25:49]: [WARN] No MaxMind credentials found in the configuration file! GeoIp protections will be disabled.
[04-21 17:25:49]: [INFO] There is no newer GEO IP database uploaded to MaxMind. Using the old one for now.
[04-21 17:25:49]: [WARN] Could not download GeoLiteAPI database [FileNotFoundException]: plugins/AuthMe/GeoLite2-Country.mmdb (No such file or directory)
[04-21 17:25:49]: java.io.FileNotFoundException: plugins/AuthMe/GeoLite2-Country.mmdb (No such file or directory)
	at java.base/java.io.RandomAccessFile.open0(Native Method)
	at java.base/java.io.RandomAccessFile.open(Unknown Source)
	at java.base/java.io.RandomAccessFile.<init>(Unknown Source)
	at java.base/java.io.RandomAccessFile.<init>(Unknown Source)
	at fr.xephi.authme.libs.com.maxmind.db.BufferHolder.<init>(BufferHolder.java:20)
	at fr.xephi.authme.libs.com.maxmind.db.Reader.<init>(Reader.java:121)
	at fr.xephi.authme.service.GeoIpService.startReading(GeoIpService.java:179)
	at fr.xephi.authme.service.GeoIpService.updateDatabase(GeoIpService.java:150)
	at org.bukkit.craftbukkit.v1_12_R1.scheduler.CraftTask.run(CraftTask.java:64)
	at org.bukkit.craftbukkit.v1_12_R1.scheduler.CraftAsyncTask.run(CraftAsyncTask.java:52)
	at com.destroystokyo.paper.ServerSchedulerReportingWrapper.run(ServerSchedulerReportingWrapper.java:22)
	at java.base/java.util.concurrent.ThreadPoolExecutor.runWorker(Unknown Source)
	at java.base/java.util.concurrent.ThreadPoolExecutor$Worker.run(Unknown Source)
	at java.base/java.lang.Thread.run(Unknown Source)

[04-21 17:26:33]: [FINE] Bodeman115 used the wrong password
[04-21 17:26:42]: [FINE] Bodeman115 used the wrong password
[04-21 17:26:52]: [FINE] The user Bodeman115 has 15 accounts:
[04-21 17:26:52]: [FINE] §7jamar_higgs, cobalt, paxton, yeeryee1142_, skibidi_toilet, leif_, cullen, heny, §aBodeman115§7, masonclaus, nate_higgers69_, dying_fetus_porn, d_piddy, nate_higgers, fingermesideways.
[04-21 17:26:52]: [FINE] Bodeman115 logged in 0:0:0:0:0:0:0:1%0
[04-21 17:28:16]: [FINE] The user nate_higgers69_ has 15 accounts:
[04-21 17:28:16]: [FINE] §7jamar_higgs, cobalt, paxton, yeeryee1142_, skibidi_toilet, leif_, cullen, heny, §aBodeman115§7, masonclaus, §anate_higgers69_§7, dying_fetus_porn, d_piddy, nate_higgers, fingermesideways.
[04-21 17:28:16]: [FINE] nate_higgers69_ logged in 0:0:0:0:0:0:0:1%0
[04-21 17:29:15]: [INFO] AuthMe 5.6.0-bCUSTOM disabled!
[04-21 17:29:29]: [INFO] SQLite Setup finished
[04-21 17:29:29]: [INFO] No supported permissions system found! Permissions are disabled!
[04-21 17:29:29]: [WARN] WARNING! The protectInventory feature requires ProtocolLib! Disabling it...
[04-21 17:29:29]: [INFO] AuthMe 5.6.0 build n.CUSTOM successfully enabled!
[04-21 17:29:31]: [INFO] Downloading GEO IP database, because the old database is older than 30 days or doesn't exist
[04-21 17:29:31]: [WARN] No MaxMind credentials found in the configuration file! GeoIp protections will be disabled.
[04-21 17:29:31]: [INFO] There is no newer GEO IP database uploaded to MaxMind. Using the old one for now.
[04-21 17:29:31]: [WARN] Could not download GeoLiteAPI database [FileNotFoundException]: plugins/AuthMe/GeoLite2-Country.mmdb (No such file or directory)
[04-21 17:29:31]: java.io.FileNotFoundException: plugins/AuthMe/GeoLite2-Country.mmdb (No such file or directory)
	at java.base/java.io.RandomAccessFile.open0(Native Method)
	at java.base/java.io.RandomAccessFile.open(Unknown Source)
	at java.base/java.io.RandomAccessFile.<init>(Unknown Source)
	at java.base/java.io.RandomAccessFile.<init>(Unknown Source)
	at fr.xephi.authme.libs.com.maxmind.db.BufferHolder.<init>(BufferHolder.java:20)
	at fr.xephi.authme.libs.com.maxmind.db.Reader.<init>(Reader.java:121)
	at fr.xephi.authme.service.GeoIpService.startReading(GeoIpService.java:179)
	at fr.xephi.authme.service.GeoIpService.updateDatabase(GeoIpService.java:150)
	at org.bukkit.craftbukkit.v1_12_R1.scheduler.CraftTask.run(CraftTask.java:64)
	at org.bukkit.craftbukkit.v1_12_R1.scheduler.CraftAsyncTask.run(CraftAsyncTask.java:52)
	at com.destroystokyo.paper.ServerSchedulerReportingWrapper.run(ServerSchedulerReportingWrapper.java:22)
	at java.base/java.util.concurrent.ThreadPoolExecutor.runWorker(Unknown Source)
	at java.base/java.util.concurrent.ThreadPoolExecutor$Worker.run(Unknown Source)
	at java.base/java.lang.Thread.run(Unknown Source)

[04-21 17:29:40]: [FINE] The user skibidi_toilet has 15 accounts:
[04-21 17:29:40]: [FINE] §7jamar_higgs, cobalt, paxton, yeeryee1142_, §askibidi_toilet§7, leif_, cullen, heny, §aBodeman115§7, masonclaus, nate_higgers69_, dying_fetus_porn, d_piddy, nate_higgers, fingermesideways.
[04-21 17:29:40]: [FINE] skibidi_toilet logged in 0:0:0:0:0:0:0:1%0
[04-21 17:29:48]: [FINE] Bodeman115 used the wrong password
[04-21 17:30:01]: [FINE] The user Bodeman115 has 15 accounts:
[04-21 17:30:01]: [FINE] §7jamar_higgs, cobalt, paxton, yeeryee1142_, §askibidi_toilet§7, leif_, cullen, heny, §aBodeman115§7, masonclaus, nate_higgers69_, dying_fetus_porn, d_piddy, nate_higgers, fingermesideways.
[04-21 17:30:01]: [FINE] Bodeman115 logged in 0:0:0:0:0:0:0:1%0
[04-21 17:36:08]: [FINE] The user fingermesideways has 15 accounts:
[04-21 17:36:08]: [FINE] §7jamar_higgs, cobalt, paxton, yeeryee1142_, §askibidi_toilet§7, leif_, cullen, heny, §aBodeman115§7, masonclaus, nate_higgers69_, dying_fetus_porn, d_piddy, nate_higgers, §afingermesideways§7.
[04-21 17:36:08]: [FINE] fingermesideways logged in 0:0:0:0:0:0:0:1%0
[04-21 17:36:34]: [FINE] The user heny has 15 accounts:
[04-21 17:36:34]: [FINE] §7jamar_higgs, cobalt, paxton, yeeryee1142_, §askibidi_toilet§7, leif_, cullen, §aheny§7, §aBodeman115§7, masonclaus, nate_higgers69_, dying_fetus_porn, d_piddy, nate_higgers, §afingermesideways§7.
[04-21 17:36:34]: [FINE] heny logged in 0:0:0:0:0:0:0:1%0
[04-21 17:36:45]: [FINE] The user skibidi_toilet has 15 accounts:
[04-21 17:36:45]: [FINE] §7jamar_higgs, cobalt, paxton, yeeryee1142_, §askibidi_toilet§7, leif_, cullen, §aheny§7, §aBodeman115§7, masonclaus, nate_higgers69_, dying_fetus_porn, d_piddy, nate_higgers, §afingermesideways§7.
[04-21 17:36:45]: [FINE] skibidi_toilet logged in 0:0:0:0:0:0:0:1%0
[04-21 17:39:43]: [INFO] AuthMe 5.6.0-bCUSTOM disabled!
[04-21 17:39:57]: [INFO] SQLite Setup finished
[04-21 17:39:57]: [INFO] No supported permissions system found! Permissions are disabled!
[04-21 17:39:57]: [WARN] WARNING! The protectInventory feature requires ProtocolLib! Disabling it...
[04-21 17:39:57]: [INFO] AuthMe 5.6.0 build n.CUSTOM successfully enabled!
[04-21 17:39:58]: [INFO] Downloading GEO IP database, because the old database is older than 30 days or doesn't exist
[04-21 17:39:58]: [WARN] No MaxMind credentials found in the configuration file! GeoIp protections will be disabled.
[04-21 17:39:58]: [INFO] There is no newer GEO IP database uploaded to MaxMind. Using the old one for now.
[04-21 17:39:58]: [WARN] Could not download GeoLiteAPI database [FileNotFoundException]: plugins/AuthMe/GeoLite2-Country.mmdb (No such file or directory)
[04-21 17:39:58]: java.io.FileNotFoundException: plugins/AuthMe/GeoLite2-Country.mmdb (No such file or directory)
	at java.base/java.io.RandomAccessFile.open0(Native Method)
	at java.base/java.io.RandomAccessFile.open(Unknown Source)
	at java.base/java.io.RandomAccessFile.<init>(Unknown Source)
	at java.base/java.io.RandomAccessFile.<init>(Unknown Source)
	at fr.xephi.authme.libs.com.maxmind.db.BufferHolder.<init>(BufferHolder.java:20)
	at fr.xephi.authme.libs.com.maxmind.db.Reader.<init>(Reader.java:121)
	at fr.xephi.authme.service.GeoIpService.startReading(GeoIpService.java:179)
	at fr.xephi.authme.service.GeoIpService.updateDatabase(GeoIpService.java:150)
	at org.bukkit.craftbukkit.v1_12_R1.scheduler.CraftTask.run(CraftTask.java:64)
	at org.bukkit.craftbukkit.v1_12_R1.scheduler.CraftAsyncTask.run(CraftAsyncTask.java:52)
	at com.destroystokyo.paper.ServerSchedulerReportingWrapper.run(ServerSchedulerReportingWrapper.java:22)
	at java.base/java.util.concurrent.ThreadPoolExecutor.runWorker(Unknown Source)
	at java.base/java.util.concurrent.ThreadPoolExecutor$Worker.run(Unknown Source)
	at java.base/java.lang.Thread.run(Unknown Source)

[04-21 17:40:05]: [FINE] The user fingermesideways has 15 accounts:
[04-21 17:40:05]: [FINE] §7jamar_higgs, cobalt, paxton, yeeryee1142_, skibidi_toilet, leif_, cullen, heny, bodeman115, masonclaus, nate_higgers69_, dying_fetus_porn, d_piddy, nate_higgers, §afingermesideways§7.
[04-21 17:40:05]: [FINE] fingermesideways logged in 0:0:0:0:0:0:0:1%0
[04-21 17:40:15]: [FINE] The user Bodeman115 has 15 accounts:
[04-21 17:40:15]: [FINE] §7jamar_higgs, cobalt, paxton, yeeryee1142_, skibidi_toilet, leif_, cullen, heny, §aBodeman115§7, masonclaus, nate_higgers69_, dying_fetus_porn, d_piddy, nate_higgers, §afingermesideways§7.
[04-21 17:40:15]: [FINE] Bodeman115 logged in 0:0:0:0:0:0:0:1%0
[04-21 17:40:27]: [FINE] The user heny has 15 accounts:
[04-21 17:40:27]: [FINE] §7jamar_higgs, cobalt, paxton, yeeryee1142_, skibidi_toilet, leif_, cullen, §aheny§7, §aBodeman115§7, masonclaus, nate_higgers69_, dying_fetus_porn, d_piddy, nate_higgers, §afingermesideways§7.
[04-21 17:40:27]: [FINE] heny logged in 0:0:0:0:0:0:0:1%0
[04-21 17:40:41]: [FINE] The user skibidi_toilet has 15 accounts:
[04-21 17:40:41]: [FINE] §7jamar_higgs, cobalt, paxton, yeeryee1142_, §askibidi_toilet§7, leif_, cullen, §aheny§7, §aBodeman115§7, masonclaus, nate_higgers69_, dying_fetus_porn, d_piddy, nate_higgers, §afingermesideways§7.
[04-21 17:40:41]: [FINE] skibidi_toilet logged in 0:0:0:0:0:0:0:1%0
[04-21 17:40:59]: [FINE] The user Cobalt has 15 accounts:
[04-21 17:40:59]: [FINE] §7jamar_higgs, §aCobalt§7, paxton, yeeryee1142_, §askibidi_toilet§7, leif_, cullen, §aheny§7, §aBodeman115§7, masonclaus, nate_higgers69_, dying_fetus_porn, d_piddy, nate_higgers, §afingermesideways§7.
[04-21 17:40:59]: [FINE] Cobalt logged in 0:0:0:0:0:0:0:1%0
[04-21 17:44:55]: [FINE] Bodeman115_V2 registered 0:0:0:0:0:0:0:1%0
[04-21 17:44:55]: [FINE] The user Bodeman115_V2 has 16 accounts:
[04-21 17:44:55]: [FINE] §7jamar_higgs, §aCobalt§7, paxton, yeeryee1142_, §askibidi_toilet§7, leif_, cullen, heny, §aBodeman115§7, masonclaus, nate_higgers69_, dying_fetus_porn, d_piddy, nate_higgers, §afingermesideways§7, §aBodeman115_V2§7.
[04-21 17:44:55]: [FINE] Bodeman115_V2 logged in 0:0:0:0:0:0:0:1%0
[04-21 17:47:00]: [FINE] The user leif_ has 16 accounts:
[04-21 17:47:00]: [FINE] §7jamar_higgs, §aCobalt§7, paxton, yeeryee1142_, §askibidi_toilet§7, §aleif_§7, cullen, heny, §aBodeman115§7, masonclaus, nate_higgers69_, dying_fetus_porn, d_piddy, nate_higgers, §afingermesideways§7, bodeman115_v2.
[04-21 17:47:00]: [FINE] leif_ logged in 0:0:0:0:0:0:0:1%0
[04-21 17:47:31]: [FINE] The user heny has 16 accounts:
[04-21 17:47:31]: [FINE] §7jamar_higgs, §aCobalt§7, paxton, yeeryee1142_, §askibidi_toilet§7, §aleif_§7, cullen, §aheny§7, §aBodeman115§7, masonclaus, nate_higgers69_, dying_fetus_porn, d_piddy, nate_higgers, §afingermesideways§7, bodeman115_v2.
[04-21 17:47:31]: [FINE] heny logged in 0:0:0:0:0:0:0:1%0
[04-21 17:50:29]: [FINE] Dodecahedron registered 0:0:0:0:0:0:0:1%0
[04-21 17:50:29]: [FINE] The user Dodecahedron has 17 accounts:
[04-21 17:50:29]: [FINE] §7jamar_higgs, §aCobalt§7, paxton, yeeryee1142_, §askibidi_toilet§7, §aleif_§7, cullen, §aheny§7, §aBodeman115§7, masonclaus, nate_higgers69_, dying_fetus_porn, d_piddy, nate_higgers, §afingermesideways§7, bodeman115_v2, §aDodecahedron§7.
[04-21 17:50:29]: [FINE] Dodecahedron logged in 0:0:0:0:0:0:0:1%0
[04-21 17:54:50]: [FINE] The user heny has 17 accounts:
[04-21 17:54:50]: [FINE] §7jamar_higgs, §aCobalt§7, paxton, yeeryee1142_, §askibidi_toilet§7, §aleif_§7, cullen, §aheny§7, §aBodeman115§7, masonclaus, nate_higgers69_, dying_fetus_porn, d_piddy, nate_higgers, §afingermesideways§7, bodeman115_v2, §aDodecahedron§7.
[04-21 17:54:50]: [FINE] heny logged in 0:0:0:0:0:0:0:1%0
[04-21 17:58:14]: [FINE] The user masonclaus has 17 accounts:
[04-21 17:58:14]: [FINE] §7jamar_higgs, §aCobalt§7, paxton, yeeryee1142_, §askibidi_toilet§7, §aleif_§7, cullen, heny, §aBodeman115§7, §amasonclaus§7, nate_higgers69_, dying_fetus_porn, d_piddy, nate_higgers, §afingermesideways§7, bodeman115_v2, §aDodecahedron§7.
[04-21 17:58:14]: [FINE] masonclaus logged in 0:0:0:0:0:0:0:1%0
[04-21 18:02:02]: [FINE] The user skibidi_toilet has 17 accounts:
[04-21 18:02:02]: [FINE] §7jamar_higgs, §aCobalt§7, paxton, yeeryee1142_, §askibidi_toilet§7, §aleif_§7, cullen, heny, §aBodeman115§7, §amasonclaus§7, nate_higgers69_, dying_fetus_porn, d_piddy, nate_higgers, §afingermesideways§7, bodeman115_v2, §aDodecahedron§7.
[04-21 18:02:02]: [FINE] skibidi_toilet logged in 0:0:0:0:0:0:0:1%0
[04-21 18:02:40]: [FINE] The user heny has 17 accounts:
[04-21 18:02:40]: [FINE] §7jamar_higgs, §aCobalt§7, paxton, yeeryee1142_, §askibidi_toilet§7, §aleif_§7, cullen, §aheny§7, §aBodeman115§7, §amasonclaus§7, nate_higgers69_, dying_fetus_porn, d_piddy, nate_higgers, §afingermesideways§7, bodeman115_v2, §aDodecahedron§7.
[04-21 18:02:40]: [FINE] heny logged in 0:0:0:0:0:0:0:1%0
[04-21 18:06:06]: [FINE] The user masonclaus has 17 accounts:
[04-21 18:06:06]: [FINE] §7jamar_higgs, §aCobalt§7, paxton, yeeryee1142_, §askibidi_toilet§7, §aleif_§7, cullen, heny, §aBodeman115§7, §amasonclaus§7, nate_higgers69_, dying_fetus_porn, d_piddy, nate_higgers, §afingermesideways§7, bodeman115_v2, §aDodecahedron§7.
[04-21 18:06:06]: [FINE] masonclaus logged in 0:0:0:0:0:0:0:1%0
[04-21 18:08:48]: [INFO] AuthMe 5.6.0-bCUSTOM disabled!
[04-21 18:09:02]: [INFO] SQLite Setup finished
[04-21 18:09:02]: [INFO] No supported permissions system found! Permissions are disabled!
[04-21 18:09:02]: [WARN] WARNING! The protectInventory feature requires ProtocolLib! Disabling it...
[04-21 18:09:03]: [INFO] AuthMe 5.6.0 build n.CUSTOM successfully enabled!
[04-21 18:09:03]: [INFO] Downloading GEO IP database, because the old database is older than 30 days or doesn't exist
[04-21 18:09:03]: [WARN] No MaxMind credentials found in the configuration file! GeoIp protections will be disabled.
[04-21 18:09:03]: [INFO] There is no newer GEO IP database uploaded to MaxMind. Using the old one for now.
[04-21 18:09:03]: [WARN] Could not download GeoLiteAPI database [FileNotFoundException]: plugins/AuthMe/GeoLite2-Country.mmdb (No such file or directory)
[04-21 18:09:03]: java.io.FileNotFoundException: plugins/AuthMe/GeoLite2-Country.mmdb (No such file or directory)
	at java.base/java.io.RandomAccessFile.open0(Native Method)
	at java.base/java.io.RandomAccessFile.open(Unknown Source)
	at java.base/java.io.RandomAccessFile.<init>(Unknown Source)
	at java.base/java.io.RandomAccessFile.<init>(Unknown Source)
	at fr.xephi.authme.libs.com.maxmind.db.BufferHolder.<init>(BufferHolder.java:20)
	at fr.xephi.authme.libs.com.maxmind.db.Reader.<init>(Reader.java:121)
	at fr.xephi.authme.service.GeoIpService.startReading(GeoIpService.java:179)
	at fr.xephi.authme.service.GeoIpService.updateDatabase(GeoIpService.java:150)
	at org.bukkit.craftbukkit.v1_12_R1.scheduler.CraftTask.run(CraftTask.java:64)
	at org.bukkit.craftbukkit.v1_12_R1.scheduler.CraftAsyncTask.run(CraftAsyncTask.java:52)
	at com.destroystokyo.paper.ServerSchedulerReportingWrapper.run(ServerSchedulerReportingWrapper.java:22)
	at java.base/java.util.concurrent.ThreadPoolExecutor.runWorker(Unknown Source)
	at java.base/java.util.concurrent.ThreadPoolExecutor$Worker.run(Unknown Source)
	at java.base/java.lang.Thread.run(Unknown Source)

[04-21 18:09:16]: [FINE] The user fingermesideways has 17 accounts:
[04-21 18:09:16]: [FINE] §7jamar_higgs, cobalt, paxton, yeeryee1142_, skibidi_toilet, leif_, cullen, heny, bodeman115, masonclaus, nate_higgers69_, dying_fetus_porn, d_piddy, nate_higgers, §afingermesideways§7, bodeman115_v2, §aDodecahedron§7.
[04-21 18:09:16]: [FINE] fingermesideways logged in 0:0:0:0:0:0:0:1%0
[04-21 18:09:21]: [FINE] The user Cobalt has 17 accounts:
[04-21 18:09:21]: [FINE] §7jamar_higgs, §aCobalt§7, paxton, yeeryee1142_, skibidi_toilet, leif_, cullen, heny, bodeman115, masonclaus, nate_higgers69_, dying_fetus_porn, d_piddy, nate_higgers, §afingermesideways§7, bodeman115_v2, §aDodecahedron§7.
[04-21 18:09:21]: [FINE] Cobalt logged in 0:0:0:0:0:0:0:1%0
[04-21 18:09:22]: [FINE] The user Dodecahedron has 17 accounts:
[04-21 18:09:22]: [FINE] §7jamar_higgs, §aCobalt§7, paxton, yeeryee1142_, skibidi_toilet, leif_, cullen, heny, bodeman115, masonclaus, nate_higgers69_, dying_fetus_porn, d_piddy, nate_higgers, §afingermesideways§7, bodeman115_v2, §aDodecahedron§7.
[04-21 18:09:22]: [FINE] Dodecahedron logged in 0:0:0:0:0:0:0:1%0
[04-21 18:09:39]: [FINE] heny used the wrong password
[04-21 18:09:50]: [FINE] The user heny has 17 accounts:
[04-21 18:09:50]: [FINE] §7jamar_higgs, §aCobalt§7, paxton, yeeryee1142_, skibidi_toilet, leif_, cullen, §aheny§7, bodeman115, masonclaus, nate_higgers69_, dying_fetus_porn, d_piddy, nate_higgers, §afingermesideways§7, bodeman115_v2, §aDodecahedron§7.
[04-21 18:09:50]: [FINE] heny logged in 0:0:0:0:0:0:0:1%0
[04-21 18:10:00]: [FINE] The user skibidi_toilet has 17 accounts:
[04-21 18:10:00]: [FINE] §7jamar_higgs, §aCobalt§7, paxton, yeeryee1142_, §askibidi_toilet§7, leif_, cullen, §aheny§7, bodeman115, masonclaus, nate_higgers69_, dying_fetus_porn, d_piddy, nate_higgers, §afingermesideways§7, bodeman115_v2, §aDodecahedron§7.
[04-21 18:10:00]: [FINE] skibidi_toilet logged in 0:0:0:0:0:0:0:1%0
[04-21 18:10:27]: [FINE] The user leif_ has 17 accounts:
[04-21 18:10:27]: [FINE] §7jamar_higgs, §aCobalt§7, paxton, yeeryee1142_, §askibidi_toilet§7, §aleif_§7, cullen, §aheny§7, bodeman115, masonclaus, nate_higgers69_, dying_fetus_porn, d_piddy, nate_higgers, §afingermesideways§7, bodeman115_v2, §aDodecahedron§7.
[04-21 18:10:27]: [FINE] leif_ logged in 0:0:0:0:0:0:0:1%0
[04-21 18:20:15]: [FINE] The user skibidi_toilet has 17 accounts:
[04-21 18:20:15]: [FINE] §7jamar_higgs, cobalt, paxton, yeeryee1142_, §askibidi_toilet§7, leif_, cullen, heny, bodeman115, masonclaus, nate_higgers69_, dying_fetus_porn, d_piddy, nate_higgers, fingermesideways, bodeman115_v2, dodecahedron.
[04-21 18:20:15]: [FINE] skibidi_toilet logged in 0:0:0:0:0:0:0:1%0
[04-21 19:53:47]: [INFO] SQLite Setup finished
[04-21 19:53:48]: [INFO] No supported permissions system found! Permissions are disabled!
[04-21 19:53:48]: [WARN] WARNING! The protectInventory feature requires ProtocolLib! Disabling it...
[04-21 19:53:48]: [INFO] AuthMe 5.6.0 build n.CUSTOM successfully enabled!
[04-21 19:53:49]: [INFO] Downloading GEO IP database, because the old database is older than 30 days or doesn't exist
[04-21 19:53:49]: [WARN] No MaxMind credentials found in the configuration file! GeoIp protections will be disabled.
[04-21 19:53:49]: [INFO] There is no newer GEO IP database uploaded to MaxMind. Using the old one for now.
[04-21 19:53:49]: [WARN] Could not download GeoLiteAPI database [FileNotFoundException]: plugins/AuthMe/GeoLite2-Country.mmdb (No such file or directory)
[04-21 19:53:49]: java.io.FileNotFoundException: plugins/AuthMe/GeoLite2-Country.mmdb (No such file or directory)
	at java.base/java.io.RandomAccessFile.open0(Native Method)
	at java.base/java.io.RandomAccessFile.open(Unknown Source)
	at java.base/java.io.RandomAccessFile.<init>(Unknown Source)
	at java.base/java.io.RandomAccessFile.<init>(Unknown Source)
	at fr.xephi.authme.libs.com.maxmind.db.BufferHolder.<init>(BufferHolder.java:20)
	at fr.xephi.authme.libs.com.maxmind.db.Reader.<init>(Reader.java:121)
	at fr.xephi.authme.service.GeoIpService.startReading(GeoIpService.java:179)
	at fr.xephi.authme.service.GeoIpService.updateDatabase(GeoIpService.java:150)
	at org.bukkit.craftbukkit.v1_12_R1.scheduler.CraftTask.run(CraftTask.java:64)
	at org.bukkit.craftbukkit.v1_12_R1.scheduler.CraftAsyncTask.run(CraftAsyncTask.java:52)
	at com.destroystokyo.paper.ServerSchedulerReportingWrapper.run(ServerSchedulerReportingWrapper.java:22)
	at java.base/java.util.concurrent.ThreadPoolExecutor.runWorker(Unknown Source)
	at java.base/java.util.concurrent.ThreadPoolExecutor$Worker.run(Unknown Source)
	at java.base/java.lang.Thread.run(Unknown Source)

[04-21 19:59:00]: [FINE] The user Cobalt has 17 accounts:
[04-21 19:59:00]: [FINE] §7jamar_higgs, §aCobalt§7, paxton, yeeryee1142_, skibidi_toilet, leif_, cullen, heny, bodeman115, masonclaus, nate_higgers69_, dying_fetus_porn, d_piddy, nate_higgers, fingermesideways, bodeman115_v2, dodecahedron.
[04-21 19:59:00]: [FINE] Cobalt logged in 0:0:0:0:0:0:0:1%0
[04-21 20:14:34]: [FINE] The user skibidi_toilet has 17 accounts:
[04-21 20:14:34]: [FINE] §7jamar_higgs, §aCobalt§7, paxton, yeeryee1142_, §askibidi_toilet§7, leif_, cullen, heny, bodeman115, masonclaus, nate_higgers69_, dying_fetus_porn, d_piddy, nate_higgers, fingermesideways, bodeman115_v2, dodecahedron.
[04-21 20:14:34]: [FINE] skibidi_toilet logged in 0:0:0:0:0:0:0:1%0
[04-21 22:10:36]: [INFO] SQLite Setup finished
[04-21 22:10:36]: [INFO] No supported permissions system found! Permissions are disabled!
[04-21 22:10:36]: [WARN] WARNING! The protectInventory feature requires ProtocolLib! Disabling it...
[04-21 22:10:36]: [INFO] AuthMe 5.6.0 build n.CUSTOM successfully enabled!
[04-21 22:10:36]: [INFO] Downloading GEO IP database, because the old database is older than 30 days or doesn't exist
[04-21 22:10:37]: [WARN] No MaxMind credentials found in the configuration file! GeoIp protections will be disabled.
[04-21 22:10:37]: [INFO] There is no newer GEO IP database uploaded to MaxMind. Using the old one for now.
[04-21 22:10:37]: [WARN] Could not download GeoLiteAPI database [FileNotFoundException]: plugins/AuthMe/GeoLite2-Country.mmdb (No such file or directory)
[04-21 22:10:37]: java.io.FileNotFoundException: plugins/AuthMe/GeoLite2-Country.mmdb (No such file or directory)
	at java.base/java.io.RandomAccessFile.open0(Native Method)
	at java.base/java.io.RandomAccessFile.open(Unknown Source)
	at java.base/java.io.RandomAccessFile.<init>(Unknown Source)
	at java.base/java.io.RandomAccessFile.<init>(Unknown Source)
	at fr.xephi.authme.libs.com.maxmind.db.BufferHolder.<init>(BufferHolder.java:20)
	at fr.xephi.authme.libs.com.maxmind.db.Reader.<init>(Reader.java:121)
	at fr.xephi.authme.service.GeoIpService.startReading(GeoIpService.java:179)
	at fr.xephi.authme.service.GeoIpService.updateDatabase(GeoIpService.java:150)
	at org.bukkit.craftbukkit.v1_12_R1.scheduler.CraftTask.run(CraftTask.java:64)
	at org.bukkit.craftbukkit.v1_12_R1.scheduler.CraftAsyncTask.run(CraftAsyncTask.java:52)
	at com.destroystokyo.paper.ServerSchedulerReportingWrapper.run(ServerSchedulerReportingWrapper.java:22)
	at java.base/java.util.concurrent.ThreadPoolExecutor.runWorker(Unknown Source)
	at java.base/java.util.concurrent.ThreadPoolExecutor$Worker.run(Unknown Source)
	at java.base/java.lang.Thread.run(Unknown Source)

[04-21 22:40:39]: [INFO] AuthMe 5.6.0-bCUSTOM disabled!
[04-21 22:41:04]: [INFO] SQLite Setup finished
[04-21 22:41:04]: [INFO] No supported permissions system found! Permissions are disabled!
[04-21 22:41:04]: [WARN] WARNING! The protectInventory feature requires ProtocolLib! Disabling it...
[04-21 22:41:04]: [INFO] AuthMe 5.6.0 build n.CUSTOM successfully enabled!
[04-21 22:41:04]: [INFO] Downloading GEO IP database, because the old database is older than 30 days or doesn't exist
[04-21 22:41:04]: [WARN] No MaxMind credentials found in the configuration file! GeoIp protections will be disabled.
[04-21 22:41:04]: [INFO] There is no newer GEO IP database uploaded to MaxMind. Using the old one for now.
[04-21 22:41:04]: [WARN] Could not download GeoLiteAPI database [FileNotFoundException]: plugins/AuthMe/GeoLite2-Country.mmdb (No such file or directory)
[04-21 22:41:04]: java.io.FileNotFoundException: plugins/AuthMe/GeoLite2-Country.mmdb (No such file or directory)
	at java.base/java.io.RandomAccessFile.open0(Native Method)
	at java.base/java.io.RandomAccessFile.open(Unknown Source)
	at java.base/java.io.RandomAccessFile.<init>(Unknown Source)
	at java.base/java.io.RandomAccessFile.<init>(Unknown Source)
	at fr.xephi.authme.libs.com.maxmind.db.BufferHolder.<init>(BufferHolder.java:20)
	at fr.xephi.authme.libs.com.maxmind.db.Reader.<init>(Reader.java:121)
	at fr.xephi.authme.service.GeoIpService.startReading(GeoIpService.java:179)
	at fr.xephi.authme.service.GeoIpService.updateDatabase(GeoIpService.java:150)
	at org.bukkit.craftbukkit.v1_12_R1.scheduler.CraftTask.run(CraftTask.java:64)
	at org.bukkit.craftbukkit.v1_12_R1.scheduler.CraftAsyncTask.run(CraftAsyncTask.java:52)
	at com.destroystokyo.paper.ServerSchedulerReportingWrapper.run(ServerSchedulerReportingWrapper.java:22)
	at java.base/java.util.concurrent.ThreadPoolExecutor.runWorker(Unknown Source)
	at java.base/java.util.concurrent.ThreadPoolExecutor$Worker.run(Unknown Source)
	at java.base/java.lang.Thread.run(Unknown Source)

[04-21 22:44:37]: [FINE] The user Cobalt has 17 accounts:
[04-21 22:44:37]: [FINE] §7jamar_higgs, §aCobalt§7, paxton, yeeryee1142_, skibidi_toilet, leif_, cullen, heny, bodeman115, masonclaus, nate_higgers69_, dying_fetus_porn, d_piddy, nate_higgers, fingermesideways, bodeman115_v2, dodecahedron.
[04-21 22:44:37]: [FINE] Cobalt logged in 0:0:0:0:0:0:0:1%0
[04-22 12:34:57]: [INFO] SQLite Setup finished
[04-22 12:34:57]: [INFO] No supported permissions system found! Permissions are disabled!
[04-22 12:34:58]: [WARN] WARNING! The protectInventory feature requires ProtocolLib! Disabling it...
[04-22 12:34:58]: [INFO] AuthMe 5.6.0 build n.CUSTOM successfully enabled!
[04-22 12:34:59]: [INFO] Downloading GEO IP database, because the old database is older than 30 days or doesn't exist
[04-22 12:34:59]: [WARN] No MaxMind credentials found in the configuration file! GeoIp protections will be disabled.
[04-22 12:34:59]: [INFO] There is no newer GEO IP database uploaded to MaxMind. Using the old one for now.
[04-22 12:34:59]: [WARN] Could not download GeoLiteAPI database [FileNotFoundException]: plugins/AuthMe/GeoLite2-Country.mmdb (No such file or directory)
[04-22 12:34:59]: java.io.FileNotFoundException: plugins/AuthMe/GeoLite2-Country.mmdb (No such file or directory)
	at java.base/java.io.RandomAccessFile.open0(Native Method)
	at java.base/java.io.RandomAccessFile.open(Unknown Source)
	at java.base/java.io.RandomAccessFile.<init>(Unknown Source)
	at java.base/java.io.RandomAccessFile.<init>(Unknown Source)
	at fr.xephi.authme.libs.com.maxmind.db.BufferHolder.<init>(BufferHolder.java:20)
	at fr.xephi.authme.libs.com.maxmind.db.Reader.<init>(Reader.java:121)
	at fr.xephi.authme.service.GeoIpService.startReading(GeoIpService.java:179)
	at fr.xephi.authme.service.GeoIpService.updateDatabase(GeoIpService.java:150)
	at org.bukkit.craftbukkit.v1_12_R1.scheduler.CraftTask.run(CraftTask.java:64)
	at org.bukkit.craftbukkit.v1_12_R1.scheduler.CraftAsyncTask.run(CraftAsyncTask.java:52)
	at com.destroystokyo.paper.ServerSchedulerReportingWrapper.run(ServerSchedulerReportingWrapper.java:22)
	at java.base/java.util.concurrent.ThreadPoolExecutor.runWorker(Unknown Source)
	at java.base/java.util.concurrent.ThreadPoolExecutor$Worker.run(Unknown Source)
	at java.base/java.lang.Thread.run(Unknown Source)

[04-22 12:36:58]: [FINE] The user skibidi_toilet has 17 accounts:
[04-22 12:36:58]: [FINE] §7jamar_higgs, cobalt, paxton, yeeryee1142_, §askibidi_toilet§7, leif_, cullen, heny, bodeman115, masonclaus, nate_higgers69_, dying_fetus_porn, d_piddy, nate_higgers, fingermesideways, bodeman115_v2, dodecahedron.
[04-22 12:36:58]: [FINE] skibidi_toilet logged in 0:0:0:0:0:0:0:1%0
[04-22 12:52:57]: [FINE] The user Bodeman115 has 17 accounts:
[04-22 12:52:57]: [FINE] §7jamar_higgs, cobalt, paxton, yeeryee1142_, §askibidi_toilet§7, leif_, cullen, heny, §aBodeman115§7, masonclaus, nate_higgers69_, dying_fetus_porn, d_piddy, nate_higgers, fingermesideways, bodeman115_v2, dodecahedron.
[04-22 12:52:57]: [FINE] Bodeman115 logged in 0:0:0:0:0:0:0:1%0
[04-22 13:05:58]: [FINE] The user Cobalt has 17 accounts:
[04-22 13:05:58]: [FINE] §7jamar_higgs, §aCobalt§7, paxton, yeeryee1142_, §askibidi_toilet§7, leif_, cullen, heny, bodeman115, masonclaus, nate_higgers69_, dying_fetus_porn, d_piddy, nate_higgers, fingermesideways, bodeman115_v2, dodecahedron.
[04-22 13:05:58]: [FINE] Cobalt logged in 0:0:0:0:0:0:0:1%0
[04-22 13:11:36]: [FINE] The user Bodeman115 has 17 accounts:
[04-22 13:11:36]: [FINE] §7jamar_higgs, §aCobalt§7, paxton, yeeryee1142_, §askibidi_toilet§7, leif_, cullen, heny, §aBodeman115§7, masonclaus, nate_higgers69_, dying_fetus_porn, d_piddy, nate_higgers, fingermesideways, bodeman115_v2, dodecahedron.
[04-22 13:11:36]: [FINE] Bodeman115 logged in 0:0:0:0:0:0:0:1%0
[04-22 13:15:01]: [INFO] AuthMe 5.6.0-bCUSTOM disabled!
[04-22 13:15:21]: [INFO] SQLite Setup finished
[04-22 13:15:21]: [INFO] No supported permissions system found! Permissions are disabled!
[04-22 13:15:21]: [WARN] WARNING! The protectInventory feature requires ProtocolLib! Disabling it...
[04-22 13:15:21]: [INFO] AuthMe 5.6.0 build n.CUSTOM successfully enabled!
[04-22 13:15:21]: [INFO] Downloading GEO IP database, because the old database is older than 30 days or doesn't exist
[04-22 13:15:21]: [WARN] No MaxMind credentials found in the configuration file! GeoIp protections will be disabled.
[04-22 13:15:21]: [INFO] There is no newer GEO IP database uploaded to MaxMind. Using the old one for now.
[04-22 13:15:21]: [WARN] Could not download GeoLiteAPI database [FileNotFoundException]: plugins/AuthMe/GeoLite2-Country.mmdb (No such file or directory)
[04-22 13:15:21]: java.io.FileNotFoundException: plugins/AuthMe/GeoLite2-Country.mmdb (No such file or directory)
	at java.base/java.io.RandomAccessFile.open0(Native Method)
	at java.base/java.io.RandomAccessFile.open(Unknown Source)
	at java.base/java.io.RandomAccessFile.<init>(Unknown Source)
	at java.base/java.io.RandomAccessFile.<init>(Unknown Source)
	at fr.xephi.authme.libs.com.maxmind.db.BufferHolder.<init>(BufferHolder.java:20)
	at fr.xephi.authme.libs.com.maxmind.db.Reader.<init>(Reader.java:121)
	at fr.xephi.authme.service.GeoIpService.startReading(GeoIpService.java:179)
	at fr.xephi.authme.service.GeoIpService.updateDatabase(GeoIpService.java:150)
	at org.bukkit.craftbukkit.v1_12_R1.scheduler.CraftTask.run(CraftTask.java:64)
	at org.bukkit.craftbukkit.v1_12_R1.scheduler.CraftAsyncTask.run(CraftAsyncTask.java:52)
	at com.destroystokyo.paper.ServerSchedulerReportingWrapper.run(ServerSchedulerReportingWrapper.java:22)
	at java.base/java.util.concurrent.ThreadPoolExecutor.runWorker(Unknown Source)
	at java.base/java.util.concurrent.ThreadPoolExecutor$Worker.run(Unknown Source)
	at java.base/java.lang.Thread.run(Unknown Source)

[04-22 13:15:26]: [FINE] The user Cobalt has 17 accounts:
[04-22 13:15:26]: [FINE] §7jamar_higgs, §aCobalt§7, paxton, yeeryee1142_, §askibidi_toilet§7, leif_, cullen, heny, bodeman115, masonclaus, nate_higgers69_, dying_fetus_porn, d_piddy, nate_higgers, fingermesideways, bodeman115_v2, dodecahedron.
[04-22 13:15:26]: [FINE] Cobalt logged in 0:0:0:0:0:0:0:1%0
[04-22 13:15:28]: [FINE] The user skibidi_toilet has 17 accounts:
[04-22 13:15:28]: [FINE] §7jamar_higgs, §aCobalt§7, paxton, yeeryee1142_, §askibidi_toilet§7, leif_, cullen, heny, bodeman115, masonclaus, nate_higgers69_, dying_fetus_porn, d_piddy, nate_higgers, fingermesideways, bodeman115_v2, dodecahedron.
[04-22 13:15:28]: [FINE] skibidi_toilet logged in 0:0:0:0:0:0:0:1%0
[04-22 13:15:37]: [FINE] The user Bodeman115 has 17 accounts:
[04-22 13:15:37]: [FINE] §7jamar_higgs, §aCobalt§7, paxton, yeeryee1142_, §askibidi_toilet§7, leif_, cullen, heny, §aBodeman115§7, masonclaus, nate_higgers69_, dying_fetus_porn, d_piddy, nate_higgers, fingermesideways, bodeman115_v2, dodecahedron.
[04-22 13:15:37]: [FINE] Bodeman115 logged in 0:0:0:0:0:0:0:1%0
[04-22 13:16:41]: [INFO] AuthMe 5.6.0-bCUSTOM disabled!
[04-22 13:17:13]: [INFO] SQLite Setup finished
[04-22 13:17:13]: [INFO] No supported permissions system found! Permissions are disabled!
[04-22 13:17:13]: [WARN] WARNING! The protectInventory feature requires ProtocolLib! Disabling it...
[04-22 13:17:13]: [INFO] AuthMe 5.6.0 build n.CUSTOM successfully enabled!
[04-22 13:17:14]: [INFO] Downloading GEO IP database, because the old database is older than 30 days or doesn't exist
[04-22 13:17:14]: [WARN] No MaxMind credentials found in the configuration file! GeoIp protections will be disabled.
[04-22 13:17:14]: [INFO] There is no newer GEO IP database uploaded to MaxMind. Using the old one for now.
[04-22 13:17:14]: [WARN] Could not download GeoLiteAPI database [FileNotFoundException]: plugins/AuthMe/GeoLite2-Country.mmdb (No such file or directory)
[04-22 13:17:14]: java.io.FileNotFoundException: plugins/AuthMe/GeoLite2-Country.mmdb (No such file or directory)
	at java.base/java.io.RandomAccessFile.open0(Native Method)
	at java.base/java.io.RandomAccessFile.open(Unknown Source)
	at java.base/java.io.RandomAccessFile.<init>(Unknown Source)
	at java.base/java.io.RandomAccessFile.<init>(Unknown Source)
	at fr.xephi.authme.libs.com.maxmind.db.BufferHolder.<init>(BufferHolder.java:20)
	at fr.xephi.authme.libs.com.maxmind.db.Reader.<init>(Reader.java:121)
	at fr.xephi.authme.service.GeoIpService.startReading(GeoIpService.java:179)
	at fr.xephi.authme.service.GeoIpService.updateDatabase(GeoIpService.java:150)
	at org.bukkit.craftbukkit.v1_12_R1.scheduler.CraftTask.run(CraftTask.java:64)
	at org.bukkit.craftbukkit.v1_12_R1.scheduler.CraftAsyncTask.run(CraftAsyncTask.java:52)
	at com.destroystokyo.paper.ServerSchedulerReportingWrapper.run(ServerSchedulerReportingWrapper.java:22)
	at java.base/java.util.concurrent.ThreadPoolExecutor.runWorker(Unknown Source)
	at java.base/java.util.concurrent.ThreadPoolExecutor$Worker.run(Unknown Source)
	at java.base/java.lang.Thread.run(Unknown Source)

[04-22 13:17:19]: [FINE] The user Cobalt has 17 accounts:
[04-22 13:17:19]: [FINE] §7jamar_higgs, §aCobalt§7, paxton, yeeryee1142_, skibidi_toilet, leif_, cullen, heny, bodeman115, masonclaus, nate_higgers69_, dying_fetus_porn, d_piddy, nate_higgers, fingermesideways, bodeman115_v2, dodecahedron.
[04-22 13:17:19]: [FINE] Cobalt logged in 0:0:0:0:0:0:0:1%0
[04-22 13:17:32]: [FINE] The user Bodeman115 has 17 accounts:
[04-22 13:17:32]: [FINE] §7jamar_higgs, §aCobalt§7, paxton, yeeryee1142_, skibidi_toilet, leif_, cullen, heny, §aBodeman115§7, masonclaus, nate_higgers69_, dying_fetus_porn, d_piddy, nate_higgers, fingermesideways, bodeman115_v2, dodecahedron.
[04-22 13:17:32]: [FINE] Bodeman115 logged in 0:0:0:0:0:0:0:1%0
[04-22 13:17:51]: [FINE] The user skibidi_toilet has 17 accounts:
[04-22 13:17:51]: [FINE] §7jamar_higgs, §aCobalt§7, paxton, yeeryee1142_, §askibidi_toilet§7, leif_, cullen, heny, §aBodeman115§7, masonclaus, nate_higgers69_, dying_fetus_porn, d_piddy, nate_higgers, fingermesideways, bodeman115_v2, dodecahedron.
[04-22 13:17:51]: [FINE] skibidi_toilet logged in 0:0:0:0:0:0:0:1%0
[04-22 13:24:59]: [FINE] The user Cobalt has 17 accounts:
[04-22 13:24:59]: [FINE] §7jamar_higgs, §aCobalt§7, paxton, yeeryee1142_, skibidi_toilet, leif_, cullen, heny, bodeman115, masonclaus, nate_higgers69_, dying_fetus_porn, d_piddy, nate_higgers, fingermesideways, bodeman115_v2, dodecahedron.
[04-22 13:24:59]: [FINE] Cobalt logged in 0:0:0:0:0:0:0:1%0
[04-22 13:26:15]: [FINE] The user leif_ has 17 accounts:
[04-22 13:26:15]: [FINE] §7jamar_higgs, §aCobalt§7, paxton, yeeryee1142_, skibidi_toilet, §aleif_§7, cullen, heny, bodeman115, masonclaus, nate_higgers69_, dying_fetus_porn, d_piddy, nate_higgers, fingermesideways, bodeman115_v2, dodecahedron.
[04-22 13:26:15]: [FINE] leif_ logged in 0:0:0:0:0:0:0:1%0
[04-22 13:28:28]: [FINE] The user skibidi_toilet has 17 accounts:
[04-22 13:28:28]: [FINE] §7jamar_higgs, §aCobalt§7, paxton, yeeryee1142_, §askibidi_toilet§7, leif_, cullen, heny, bodeman115, masonclaus, nate_higgers69_, dying_fetus_porn, d_piddy, nate_higgers, fingermesideways, bodeman115_v2, dodecahedron.
[04-22 13:28:28]: [FINE] skibidi_toilet logged in 0:0:0:0:0:0:0:1%0
[04-22 13:39:05]: [FINE] The user Cobalt has 17 accounts:
[04-22 13:39:05]: [FINE] §7jamar_higgs, §aCobalt§7, paxton, yeeryee1142_, skibidi_toilet, leif_, cullen, heny, bodeman115, masonclaus, nate_higgers69_, dying_fetus_porn, d_piddy, nate_higgers, fingermesideways, bodeman115_v2, dodecahedron.
[04-22 13:39:05]: [FINE] Cobalt logged in 0:0:0:0:0:0:0:1%0
[04-22 13:41:03]: [FINE] The user skibidi_toilet has 17 accounts:
[04-22 13:41:03]: [FINE] §7jamar_higgs, §aCobalt§7, paxton, yeeryee1142_, §askibidi_toilet§7, leif_, cullen, heny, bodeman115, masonclaus, nate_higgers69_, dying_fetus_porn, d_piddy, nate_higgers, fingermesideways, bodeman115_v2, dodecahedron.
[04-22 13:41:03]: [FINE] skibidi_toilet logged in 0:0:0:0:0:0:0:1%0
[04-22 13:52:18]: [INFO] SQLite Setup finished
[04-22 13:52:18]: [INFO] No supported permissions system found! Permissions are disabled!
[04-22 13:52:19]: [WARN] WARNING! The protectInventory feature requires ProtocolLib! Disabling it...
[04-22 13:52:19]: [INFO] AuthMe 5.6.0 build n.CUSTOM successfully enabled!
[04-22 13:52:22]: [INFO] Downloading GEO IP database, because the old database is older than 30 days or doesn't exist
[04-22 13:52:22]: [WARN] No MaxMind credentials found in the configuration file! GeoIp protections will be disabled.
[04-22 13:52:22]: [INFO] There is no newer GEO IP database uploaded to MaxMind. Using the old one for now.
[04-22 13:52:22]: [WARN] Could not download GeoLiteAPI database [FileNotFoundException]: plugins/AuthMe/GeoLite2-Country.mmdb (No such file or directory)
[04-22 13:52:22]: java.io.FileNotFoundException: plugins/AuthMe/GeoLite2-Country.mmdb (No such file or directory)
	at java.base/java.io.RandomAccessFile.open0(Native Method)
	at java.base/java.io.RandomAccessFile.open(Unknown Source)
	at java.base/java.io.RandomAccessFile.<init>(Unknown Source)
	at java.base/java.io.RandomAccessFile.<init>(Unknown Source)
	at fr.xephi.authme.libs.com.maxmind.db.BufferHolder.<init>(BufferHolder.java:20)
	at fr.xephi.authme.libs.com.maxmind.db.Reader.<init>(Reader.java:121)
	at fr.xephi.authme.service.GeoIpService.startReading(GeoIpService.java:179)
	at fr.xephi.authme.service.GeoIpService.updateDatabase(GeoIpService.java:150)
	at org.bukkit.craftbukkit.v1_12_R1.scheduler.CraftTask.run(CraftTask.java:64)
	at org.bukkit.craftbukkit.v1_12_R1.scheduler.CraftAsyncTask.run(CraftAsyncTask.java:52)
	at com.destroystokyo.paper.ServerSchedulerReportingWrapper.run(ServerSchedulerReportingWrapper.java:22)
	at java.base/java.util.concurrent.ThreadPoolExecutor.runWorker(Unknown Source)
	at java.base/java.util.concurrent.ThreadPoolExecutor$Worker.run(Unknown Source)
	at java.base/java.lang.Thread.run(Unknown Source)

[04-22 13:53:02]: [FINE] The user skibidi_toilet has 17 accounts:
[04-22 13:53:02]: [FINE] §7jamar_higgs, cobalt, paxton, yeeryee1142_, §askibidi_toilet§7, leif_, cullen, heny, bodeman115, masonclaus, nate_higgers69_, dying_fetus_porn, d_piddy, nate_higgers, fingermesideways, bodeman115_v2, dodecahedron.
[04-22 13:53:02]: [FINE] skibidi_toilet logged in 0:0:0:0:0:0:0:1%0
[04-22 14:00:55]: [FINE] The user Cobalt has 17 accounts:
[04-22 14:00:55]: [FINE] §7jamar_higgs, §aCobalt§7, paxton, yeeryee1142_, §askibidi_toilet§7, leif_, cullen, heny, bodeman115, masonclaus, nate_higgers69_, dying_fetus_porn, d_piddy, nate_higgers, fingermesideways, bodeman115_v2, dodecahedron.
[04-22 14:00:55]: [FINE] Cobalt logged in 0:0:0:0:0:0:0:1%0
[04-22 14:05:25]: [FINE] The user leif_ has 17 accounts:
[04-22 14:05:25]: [FINE] §7jamar_higgs, §aCobalt§7, paxton, yeeryee1142_, §askibidi_toilet§7, §aleif_§7, cullen, heny, bodeman115, masonclaus, nate_higgers69_, dying_fetus_porn, d_piddy, nate_higgers, fingermesideways, bodeman115_v2, dodecahedron.
[04-22 14:05:25]: [FINE] leif_ logged in 0:0:0:0:0:0:0:1%0
[04-22 14:21:32]: [FINE] The user leif_ has 17 accounts:
[04-22 14:21:32]: [FINE] §7jamar_higgs, cobalt, paxton, yeeryee1142_, skibidi_toilet, §aleif_§7, cullen, heny, bodeman115, masonclaus, nate_higgers69_, dying_fetus_porn, d_piddy, nate_higgers, fingermesideways, bodeman115_v2, dodecahedron.
[04-22 14:21:32]: [FINE] leif_ logged in 0:0:0:0:0:0:0:1%0
[04-22 14:22:52]: [FINE] The user Cobalt has 17 accounts:
[04-22 14:22:52]: [FINE] §7jamar_higgs, §aCobalt§7, paxton, yeeryee1142_, skibidi_toilet, §aleif_§7, cullen, heny, bodeman115, masonclaus, nate_higgers69_, dying_fetus_porn, d_piddy, nate_higgers, fingermesideways, bodeman115_v2, dodecahedron.
[04-22 14:22:52]: [FINE] Cobalt logged in 0:0:0:0:0:0:0:1%0
[04-22 14:23:24]: [FINE] The user skibidi_toilet has 17 accounts:
[04-22 14:23:24]: [FINE] §7jamar_higgs, §aCobalt§7, paxton, yeeryee1142_, §askibidi_toilet§7, §aleif_§7, cullen, heny, bodeman115, masonclaus, nate_higgers69_, dying_fetus_porn, d_piddy, nate_higgers, fingermesideways, bodeman115_v2, dodecahedron.
[04-22 14:23:24]: [FINE] skibidi_toilet logged in 0:0:0:0:0:0:0:1%0
[04-22 14:28:24]: [FINE] The user fingermesideways has 17 accounts:
[04-22 14:28:24]: [FINE] §7jamar_higgs, §aCobalt§7, paxton, yeeryee1142_, §askibidi_toilet§7, §aleif_§7, cullen, heny, bodeman115, masonclaus, nate_higgers69_, dying_fetus_porn, d_piddy, nate_higgers, §afingermesideways§7, bodeman115_v2, dodecahedron.
[04-22 14:28:24]: [FINE] fingermesideways logged in 0:0:0:0:0:0:0:1%0
[04-22 14:30:59]: [FINE] The user paxton has 17 accounts:
[04-22 14:30:59]: [FINE] §7jamar_higgs, §aCobalt§7, §apaxton§7, yeeryee1142_, §askibidi_toilet§7, §aleif_§7, cullen, heny, bodeman115, masonclaus, nate_higgers69_, dying_fetus_porn, d_piddy, nate_higgers, fingermesideways, bodeman115_v2, dodecahedron.
[04-22 14:30:59]: [FINE] paxton logged in 0:0:0:0:0:0:0:1%0
[04-22 14:32:46]: [FINE] The user fingermesideways has 17 accounts:
[04-22 14:32:46]: [FINE] §7jamar_higgs, §aCobalt§7, §apaxton§7, yeeryee1142_, §askibidi_toilet§7, §aleif_§7, cullen, heny, bodeman115, masonclaus, nate_higgers69_, dying_fetus_porn, d_piddy, nate_higgers, §afingermesideways§7, bodeman115_v2, dodecahedron.
[04-22 14:32:46]: [FINE] fingermesideways logged in 0:0:0:0:0:0:0:1%0
[04-22 14:36:39]: [FINE] dihcrackhw registered 0:0:0:0:0:0:0:1%0
[04-22 14:36:39]: [FINE] The user dihcrackhw has 18 accounts:
[04-22 14:36:39]: [FINE] §7jamar_higgs, §aCobalt§7, §apaxton§7, yeeryee1142_, §askibidi_toilet§7, §aleif_§7, cullen, heny, bodeman115, masonclaus, nate_higgers69_, dying_fetus_porn, d_piddy, nate_higgers, §afingermesideways§7, bodeman115_v2, dodecahedron, §adihcrackhw§7.
[04-22 14:36:39]: [FINE] dihcrackhw logged in 0:0:0:0:0:0:0:1%0
[04-22 14:41:22]: [FINE] The user Dodecahedron has 18 accounts:
[04-22 14:41:22]: [FINE] §7jamar_higgs, §aCobalt§7, §apaxton§7, yeeryee1142_, §askibidi_toilet§7, §aleif_§7, cullen, heny, bodeman115, masonclaus, nate_higgers69_, dying_fetus_porn, d_piddy, nate_higgers, §afingermesideways§7, bodeman115_v2, §aDodecahedron§7, §adihcrackhw§7.
[04-22 14:41:22]: [FINE] Dodecahedron logged in 0:0:0:0:0:0:0:1%0
[04-22 14:45:05]: [FINE] The user Dodecahedron has 18 accounts:
[04-22 14:45:05]: [FINE] §7jamar_higgs, §aCobalt§7, §apaxton§7, yeeryee1142_, §askibidi_toilet§7, §aleif_§7, cullen, heny, bodeman115, masonclaus, nate_higgers69_, dying_fetus_porn, d_piddy, nate_higgers, §afingermesideways§7, bodeman115_v2, §aDodecahedron§7, §adihcrackhw§7.
[04-22 14:45:05]: [FINE] Dodecahedron logged in 0:0:0:0:0:0:0:1%0
[04-22 14:46:57]: [FINE] Copper_Block registered 0:0:0:0:0:0:0:1%0
[04-22 14:46:57]: [FINE] The user Copper_Block has 19 accounts:
[04-22 14:46:57]: [FINE] §7jamar_higgs, §aCobalt§7, §apaxton§7, yeeryee1142_, §askibidi_toilet§7, §aleif_§7, cullen, heny, bodeman115, masonclaus, nate_higgers69_, dying_fetus_porn, d_piddy, nate_higgers, §afingermesideways§7, bodeman115_v2, §aDodecahedron§7, §adihcrackhw§7, §aCopper_Block§7.
[04-22 14:46:57]: [FINE] Copper_Block logged in 0:0:0:0:0:0:0:1%0
[04-22 14:55:32]: [FINE] The user Cobalt has 19 accounts:
[04-22 14:55:32]: [FINE] §7jamar_higgs, §aCobalt§7, paxton, yeeryee1142_, skibidi_toilet, §aleif_§7, cullen, heny, bodeman115, masonclaus, nate_higgers69_, dying_fetus_porn, d_piddy, nate_higgers, fingermesideways, bodeman115_v2, dodecahedron, dihcrackhw, copper_block.
[04-22 14:55:32]: [FINE] Cobalt logged in 0:0:0:0:0:0:0:1%0
[04-22 14:56:12]: [FINE] The user fingermesideways has 19 accounts:
[04-22 14:56:12]: [FINE] §7jamar_higgs, §aCobalt§7, paxton, yeeryee1142_, skibidi_toilet, leif_, cullen, heny, bodeman115, masonclaus, nate_higgers69_, dying_fetus_porn, d_piddy, nate_higgers, §afingermesideways§7, bodeman115_v2, dodecahedron, dihcrackhw, copper_block.
[04-22 14:56:12]: [FINE] fingermesideways logged in 0:0:0:0:0:0:0:1%0
[04-22 14:56:39]: [FINE] The user leif_ has 19 accounts:
[04-22 14:56:39]: [FINE] §7jamar_higgs, §aCobalt§7, paxton, yeeryee1142_, skibidi_toilet, §aleif_§7, cullen, heny, bodeman115, §amasonclaus§7, nate_higgers69_, dying_fetus_porn, d_piddy, nate_higgers, §afingermesideways§7, bodeman115_v2, dodecahedron, dihcrackhw, copper_block.
[04-22 14:56:39]: [FINE] leif_ logged in 0:0:0:0:0:0:0:1%0
[04-22 14:56:41]: [FINE] The user masonclaus has 19 accounts:
[04-22 14:56:41]: [FINE] §7jamar_higgs, §aCobalt§7, paxton, yeeryee1142_, skibidi_toilet, §aleif_§7, cullen, heny, bodeman115, §amasonclaus§7, nate_higgers69_, dying_fetus_porn, d_piddy, nate_higgers, §afingermesideways§7, bodeman115_v2, dodecahedron, dihcrackhw, copper_block.
[04-22 14:56:41]: [FINE] masonclaus logged in 0:0:0:0:0:0:0:1%0
[04-22 14:58:45]: [FINE] dihcrackhw used the wrong password
[04-22 15:03:38]: [FINE] The user Bodeman115 has 19 accounts:
[04-22 15:03:38]: [FINE] §7jamar_higgs, cobalt, paxton, yeeryee1142_, skibidi_toilet, §aleif_§7, cullen, heny, §aBodeman115§7, §amasonclaus§7, nate_higgers69_, dying_fetus_porn, d_piddy, nate_higgers, §afingermesideways§7, bodeman115_v2, dodecahedron, dihcrackhw, copper_block.
[04-22 15:03:38]: [FINE] Bodeman115 logged in 0:0:0:0:0:0:0:1%0
[04-22 15:04:00]: [FINE] dihcrackhw used the wrong password
[04-22 15:04:49]: [FINE] The user leif_ has 19 accounts:
[04-22 15:04:49]: [FINE] §7jamar_higgs, cobalt, paxton, yeeryee1142_, skibidi_toilet, §aleif_§7, cullen, heny, §aBodeman115§7, §amasonclaus§7, nate_higgers69_, dying_fetus_porn, d_piddy, nate_higgers, §afingermesideways§7, bodeman115_v2, dodecahedron, dihcrackhw, copper_block.
[04-22 15:04:49]: [FINE] leif_ logged in 0:0:0:0:0:0:0:1%0
[04-22 15:07:24]: [FINE] The user leif_ has 19 accounts:
[04-22 15:07:24]: [FINE] §7jamar_higgs, cobalt, paxton, yeeryee1142_, skibidi_toilet, §aleif_§7, cullen, heny, §aBodeman115§7, §amasonclaus§7, nate_higgers69_, dying_fetus_porn, d_piddy, nate_higgers, §afingermesideways§7, bodeman115_v2, dodecahedron, dihcrackhw, copper_block.
[04-22 15:07:24]: [FINE] leif_ logged in 0:0:0:0:0:0:0:1%0
[04-22 15:11:46]: [INFO] AuthMe 5.6.0-bCUSTOM disabled!
[04-22 15:12:03]: [INFO] SQLite Setup finished
[04-22 15:12:03]: [INFO] Hooked into Vault!
[04-22 15:12:03]: [WARN] WARNING! The protectInventory feature requires ProtocolLib! Disabling it...
[04-22 15:12:03]: [INFO] AuthMe 5.6.0 build n.CUSTOM successfully enabled!
[04-22 15:12:03]: [INFO] Downloading GEO IP database, because the old database is older than 30 days or doesn't exist
[04-22 15:12:03]: [WARN] No MaxMind credentials found in the configuration file! GeoIp protections will be disabled.
[04-22 15:12:03]: [INFO] There is no newer GEO IP database uploaded to MaxMind. Using the old one for now.
[04-22 15:12:03]: [WARN] Could not download GeoLiteAPI database [FileNotFoundException]: plugins/AuthMe/GeoLite2-Country.mmdb (No such file or directory)
[04-22 15:12:03]: java.io.FileNotFoundException: plugins/AuthMe/GeoLite2-Country.mmdb (No such file or directory)
	at java.base/java.io.RandomAccessFile.open0(Native Method)
	at java.base/java.io.RandomAccessFile.open(Unknown Source)
	at java.base/java.io.RandomAccessFile.<init>(Unknown Source)
	at java.base/java.io.RandomAccessFile.<init>(Unknown Source)
	at fr.xephi.authme.libs.com.maxmind.db.BufferHolder.<init>(BufferHolder.java:20)
	at fr.xephi.authme.libs.com.maxmind.db.Reader.<init>(Reader.java:121)
	at fr.xephi.authme.service.GeoIpService.startReading(GeoIpService.java:179)
	at fr.xephi.authme.service.GeoIpService.updateDatabase(GeoIpService.java:150)
	at org.bukkit.craftbukkit.v1_12_R1.scheduler.CraftTask.run(CraftTask.java:64)
	at org.bukkit.craftbukkit.v1_12_R1.scheduler.CraftAsyncTask.run(CraftAsyncTask.java:52)
	at com.destroystokyo.paper.ServerSchedulerReportingWrapper.run(ServerSchedulerReportingWrapper.java:22)
	at java.base/java.util.concurrent.ThreadPoolExecutor.runWorker(Unknown Source)
	at java.base/java.util.concurrent.ThreadPoolExecutor$Worker.run(Unknown Source)
	at java.base/java.lang.Thread.run(Unknown Source)

[04-22 15:12:09]: [FINE] The user Bodeman115 has 19 accounts:
[04-22 15:12:09]: [FINE] §7jamar_higgs, cobalt, paxton, yeeryee1142_, skibidi_toilet, leif_, cullen, heny, §aBodeman115§7, masonclaus, nate_higgers69_, dying_fetus_porn, d_piddy, nate_higgers, fingermesideways, bodeman115_v2, dodecahedron, dihcrackhw, copper_block.
[04-22 15:12:09]: [FINE] Bodeman115 logged in 0:0:0:0:0:0:0:1%0
[04-22 15:12:22]: [FINE] The user fingermesideways has 19 accounts:
[04-22 15:12:22]: [FINE] §7jamar_higgs, cobalt, paxton, yeeryee1142_, skibidi_toilet, leif_, cullen, heny, §aBodeman115§7, masonclaus, nate_higgers69_, dying_fetus_porn, d_piddy, nate_higgers, §afingermesideways§7, bodeman115_v2, dodecahedron, dihcrackhw, copper_block.
[04-22 15:12:23]: [FINE] fingermesideways logged in 0:0:0:0:0:0:0:1%0
[04-22 15:12:52]: [FINE] The user leif_ has 19 accounts:
[04-22 15:12:52]: [FINE] §7jamar_higgs, cobalt, paxton, yeeryee1142_, skibidi_toilet, §aleif_§7, cullen, heny, §aBodeman115§7, masonclaus, nate_higgers69_, dying_fetus_porn, d_piddy, nate_higgers, §afingermesideways§7, bodeman115_v2, dodecahedron, dihcrackhw, copper_block.
[04-22 15:12:52]: [FINE] leif_ logged in 0:0:0:0:0:0:0:1%0
[04-22 15:15:12]: [FINE] The user leif_ has 19 accounts:
[04-22 15:15:12]: [FINE] §7jamar_higgs, cobalt, paxton, yeeryee1142_, skibidi_toilet, §aleif_§7, cullen, heny, §aBodeman115§7, masonclaus, nate_higgers69_, dying_fetus_porn, d_piddy, nate_higgers, §afingermesideways§7, bodeman115_v2, dodecahedron, dihcrackhw, copper_block.
[04-22 15:15:12]: [FINE] leif_ logged in 0:0:0:0:0:0:0:1%0
[04-22 15:21:13]: [FINE] The user Bodeman115 has 19 accounts:
[04-22 15:21:13]: [FINE] §7jamar_higgs, cobalt, paxton, yeeryee1142_, skibidi_toilet, §aleif_§7, cullen, heny, §aBodeman115§7, masonclaus, nate_higgers69_, dying_fetus_porn, d_piddy, nate_higgers, §afingermesideways§7, bodeman115_v2, dodecahedron, dihcrackhw, copper_block.
[04-22 15:21:13]: [FINE] Bodeman115 logged in 0:0:0:0:0:0:0:1%0
[04-22 15:21:22]: [INFO] AuthMe 5.6.0-bCUSTOM disabled!
[04-22 15:21:36]: [INFO] SQLite Setup finished
[04-22 15:21:37]: [INFO] Hooked into Vault!
[04-22 15:21:37]: [WARN] WARNING! The protectInventory feature requires ProtocolLib! Disabling it...
[04-22 15:21:37]: [INFO] AuthMe 5.6.0 build n.CUSTOM successfully enabled!
[04-22 15:21:37]: [INFO] Downloading GEO IP database, because the old database is older than 30 days or doesn't exist
[04-22 15:21:37]: [WARN] No MaxMind credentials found in the configuration file! GeoIp protections will be disabled.
[04-22 15:21:37]: [INFO] There is no newer GEO IP database uploaded to MaxMind. Using the old one for now.
[04-22 15:21:37]: [WARN] Could not download GeoLiteAPI database [FileNotFoundException]: plugins/AuthMe/GeoLite2-Country.mmdb (No such file or directory)
[04-22 15:21:37]: java.io.FileNotFoundException: plugins/AuthMe/GeoLite2-Country.mmdb (No such file or directory)
	at java.base/java.io.RandomAccessFile.open0(Native Method)
	at java.base/java.io.RandomAccessFile.open(Unknown Source)
	at java.base/java.io.RandomAccessFile.<init>(Unknown Source)
	at java.base/java.io.RandomAccessFile.<init>(Unknown Source)
	at fr.xephi.authme.libs.com.maxmind.db.BufferHolder.<init>(BufferHolder.java:20)
	at fr.xephi.authme.libs.com.maxmind.db.Reader.<init>(Reader.java:121)
	at fr.xephi.authme.service.GeoIpService.startReading(GeoIpService.java:179)
	at fr.xephi.authme.service.GeoIpService.updateDatabase(GeoIpService.java:150)
	at org.bukkit.craftbukkit.v1_12_R1.scheduler.CraftTask.run(CraftTask.java:64)
	at org.bukkit.craftbukkit.v1_12_R1.scheduler.CraftAsyncTask.run(CraftAsyncTask.java:52)
	at com.destroystokyo.paper.ServerSchedulerReportingWrapper.run(ServerSchedulerReportingWrapper.java:22)
	at java.base/java.util.concurrent.ThreadPoolExecutor.runWorker(Unknown Source)
	at java.base/java.util.concurrent.ThreadPoolExecutor$Worker.run(Unknown Source)
	at java.base/java.lang.Thread.run(Unknown Source)

[04-22 15:22:18]: [FINE] The user Bodeman115 has 19 accounts:
[04-22 15:22:18]: [FINE] §7jamar_higgs, cobalt, paxton, yeeryee1142_, skibidi_toilet, leif_, cullen, heny, §aBodeman115§7, masonclaus, nate_higgers69_, dying_fetus_porn, d_piddy, nate_higgers, fingermesideways, bodeman115_v2, dodecahedron, dihcrackhw, copper_block.
[04-22 15:22:18]: [FINE] Bodeman115 logged in 0:0:0:0:0:0:0:1%0
[04-22 15:22:28]: [FINE] The user fingermesideways has 19 accounts:
[04-22 15:22:28]: [FINE] §7jamar_higgs, cobalt, paxton, yeeryee1142_, skibidi_toilet, leif_, cullen, heny, §aBodeman115§7, masonclaus, nate_higgers69_, dying_fetus_porn, d_piddy, nate_higgers, §afingermesideways§7, bodeman115_v2, dodecahedron, dihcrackhw, copper_block.
[04-22 15:22:28]: [FINE] fingermesideways logged in 0:0:0:0:0:0:0:1%0
[04-22 15:22:39]: [FINE] The user leif_ has 19 accounts:
[04-22 15:22:39]: [FINE] §7jamar_higgs, cobalt, paxton, yeeryee1142_, skibidi_toilet, §aleif_§7, cullen, heny, §aBodeman115§7, masonclaus, nate_higgers69_, dying_fetus_porn, d_piddy, nate_higgers, §afingermesideways§7, bodeman115_v2, dodecahedron, dihcrackhw, copper_block.
[04-22 15:22:39]: [FINE] leif_ logged in 0:0:0:0:0:0:0:1%0
[04-22 15:24:44]: [FINE] The user nate_higgers69_ has 19 accounts:
[04-22 15:24:44]: [FINE] §7jamar_higgs, cobalt, paxton, yeeryee1142_, skibidi_toilet, §aleif_§7, cullen, heny, §aBodeman115§7, masonclaus, §anate_higgers69_§7, dying_fetus_porn, d_piddy, nate_higgers, §afingermesideways§7, bodeman115_v2, dodecahedron, dihcrackhw, copper_block.
[04-22 15:24:44]: [FINE] nate_higgers69_ logged in 0:0:0:0:0:0:0:1%0
[04-22 15:31:33]: [FINE] The user nate_higgers69_ has 19 accounts:
[04-22 15:31:33]: [FINE] §7jamar_higgs, cobalt, paxton, yeeryee1142_, skibidi_toilet, §aleif_§7, cullen, heny, §aBodeman115§7, masonclaus, §anate_higgers69_§7, dying_fetus_porn, d_piddy, nate_higgers, §afingermesideways§7, bodeman115_v2, dodecahedron, dihcrackhw, copper_block.
[04-22 15:31:33]: [FINE] nate_higgers69_ logged in 0:0:0:0:0:0:0:1%0
[04-22 15:42:44]: [FINE] The user nate_higgers69_ has 19 accounts:
[04-22 15:42:44]: [FINE] §7jamar_higgs, cobalt, paxton, yeeryee1142_, skibidi_toilet, §aleif_§7, cullen, heny, bodeman115, masonclaus, §anate_higgers69_§7, dying_fetus_porn, d_piddy, nate_higgers, fingermesideways, bodeman115_v2, dodecahedron, dihcrackhw, copper_block.
[04-22 15:42:44]: [FINE] nate_higgers69_ logged in 0:0:0:0:0:0:0:1%0
[04-22 15:43:09]: [FINE] The user Cobalt has 19 accounts:
[04-22 15:43:09]: [FINE] §7jamar_higgs, §aCobalt§7, paxton, yeeryee1142_, skibidi_toilet, §aleif_§7, cullen, heny, bodeman115, masonclaus, §anate_higgers69_§7, dying_fetus_porn, d_piddy, nate_higgers, fingermesideways, bodeman115_v2, dodecahedron, dihcrackhw, copper_block.
[04-22 15:43:09]: [FINE] Cobalt logged in 0:0:0:0:0:0:0:1%0
[04-22 15:44:39]: [FINE] The user Bodeman115 has 19 accounts:
[04-22 15:44:39]: [FINE] §7jamar_higgs, §aCobalt§7, paxton, yeeryee1142_, skibidi_toilet, §aleif_§7, cullen, heny, §aBodeman115§7, masonclaus, §anate_higgers69_§7, dying_fetus_porn, d_piddy, nate_higgers, fingermesideways, bodeman115_v2, dodecahedron, dihcrackhw, copper_block.
[04-22 15:44:39]: [FINE] Bodeman115 logged in 0:0:0:0:0:0:0:1%0
[04-22 15:47:38]: [INFO] AuthMe 5.6.0-bCUSTOM disabled!
[04-22 15:48:10]: [INFO] SQLite Setup finished
[04-22 15:48:10]: [INFO] Hooked into Vault!
[04-22 15:48:10]: [WARN] WARNING! The protectInventory feature requires ProtocolLib! Disabling it...
[04-22 15:48:10]: [INFO] AuthMe 5.6.0 build n.CUSTOM successfully enabled!
[04-22 15:48:10]: [INFO] Downloading GEO IP database, because the old database is older than 30 days or doesn't exist
[04-22 15:48:10]: [WARN] No MaxMind credentials found in the configuration file! GeoIp protections will be disabled.
[04-22 15:48:10]: [INFO] There is no newer GEO IP database uploaded to MaxMind. Using the old one for now.
[04-22 15:48:10]: [WARN] Could not download GeoLiteAPI database [FileNotFoundException]: plugins/AuthMe/GeoLite2-Country.mmdb (No such file or directory)
[04-22 15:48:10]: java.io.FileNotFoundException: plugins/AuthMe/GeoLite2-Country.mmdb (No such file or directory)
	at java.base/java.io.RandomAccessFile.open0(Native Method)
	at java.base/java.io.RandomAccessFile.open(Unknown Source)
	at java.base/java.io.RandomAccessFile.<init>(Unknown Source)
	at java.base/java.io.RandomAccessFile.<init>(Unknown Source)
	at fr.xephi.authme.libs.com.maxmind.db.BufferHolder.<init>(BufferHolder.java:20)
	at fr.xephi.authme.libs.com.maxmind.db.Reader.<init>(Reader.java:121)
	at fr.xephi.authme.service.GeoIpService.startReading(GeoIpService.java:179)
	at fr.xephi.authme.service.GeoIpService.updateDatabase(GeoIpService.java:150)
	at org.bukkit.craftbukkit.v1_12_R1.scheduler.CraftTask.run(CraftTask.java:64)
	at org.bukkit.craftbukkit.v1_12_R1.scheduler.CraftAsyncTask.run(CraftAsyncTask.java:52)
	at com.destroystokyo.paper.ServerSchedulerReportingWrapper.run(ServerSchedulerReportingWrapper.java:22)
	at java.base/java.util.concurrent.ThreadPoolExecutor.runWorker(Unknown Source)
	at java.base/java.util.concurrent.ThreadPoolExecutor$Worker.run(Unknown Source)
	at java.base/java.lang.Thread.run(Unknown Source)

[04-22 15:48:25]: [FINE] The user Bodeman115 has 19 accounts:
[04-22 15:48:25]: [FINE] §7jamar_higgs, cobalt, paxton, yeeryee1142_, skibidi_toilet, leif_, cullen, heny, §aBodeman115§7, masonclaus, nate_higgers69_, dying_fetus_porn, d_piddy, nate_higgers, fingermesideways, bodeman115_v2, dodecahedron, dihcrackhw, copper_block.
[04-22 15:48:25]: [FINE] Bodeman115 logged in 0:0:0:0:0:0:0:1%0
[04-22 15:51:02]: [FINE] The user Cobalt has 19 accounts:
[04-22 15:51:02]: [FINE] §7jamar_higgs, §aCobalt§7, paxton, yeeryee1142_, skibidi_toilet, leif_, cullen, heny, bodeman115, masonclaus, nate_higgers69_, dying_fetus_porn, d_piddy, nate_higgers, fingermesideways, bodeman115_v2, dodecahedron, dihcrackhw, copper_block.
[04-22 15:51:02]: [FINE] Cobalt logged in 0:0:0:0:0:0:0:1%0
[04-22 15:53:58]: [FINE] The user masonclaus has 19 accounts:
[04-22 15:53:58]: [FINE] §7jamar_higgs, §aCobalt§7, paxton, yeeryee1142_, skibidi_toilet, leif_, cullen, heny, bodeman115, §amasonclaus§7, nate_higgers69_, dying_fetus_porn, d_piddy, nate_higgers, fingermesideways, bodeman115_v2, dodecahedron, dihcrackhw, copper_block.
[04-22 15:53:58]: [FINE] masonclaus logged in 0:0:0:0:0:0:0:1%0
[04-22 15:57:06]: [FINE] The user heny has 19 accounts:
[04-22 15:57:06]: [FINE] §7jamar_higgs, §aCobalt§7, paxton, yeeryee1142_, skibidi_toilet, leif_, cullen, §aheny§7, bodeman115, §amasonclaus§7, nate_higgers69_, dying_fetus_porn, d_piddy, nate_higgers, fingermesideways, bodeman115_v2, dodecahedron, dihcrackhw, copper_block.
[04-22 15:57:06]: [FINE] heny logged in 0:0:0:0:0:0:0:1%0
[04-22 16:02:49]: [FINE] The user Bodeman115 has 19 accounts:
[04-22 16:02:49]: [FINE] §7jamar_higgs, §aCobalt§7, paxton, yeeryee1142_, skibidi_toilet, leif_, cullen, heny, §aBodeman115§7, §amasonclaus§7, nate_higgers69_, dying_fetus_porn, d_piddy, nate_higgers, fingermesideways, bodeman115_v2, dodecahedron, dihcrackhw, copper_block.
[04-22 16:02:49]: [FINE] Bodeman115 logged in 0:0:0:0:0:0:0:1%0
[04-22 16:06:35]: [FINE] The user heny has 19 accounts:
[04-22 16:06:35]: [FINE] §7jamar_higgs, §aCobalt§7, paxton, yeeryee1142_, skibidi_toilet, leif_, cullen, §aheny§7, bodeman115, §amasonclaus§7, nate_higgers69_, dying_fetus_porn, d_piddy, nate_higgers, fingermesideways, bodeman115_v2, dodecahedron, dihcrackhw, copper_block.
[04-22 16:06:35]: [FINE] heny logged in 0:0:0:0:0:0:0:1%0
[04-22 16:14:04]: [FINE] The user Bodeman115 has 19 accounts:
[04-22 16:14:04]: [FINE] §7jamar_higgs, §aCobalt§7, paxton, yeeryee1142_, skibidi_toilet, leif_, cullen, §aheny§7, §aBodeman115§7, §amasonclaus§7, nate_higgers69_, dying_fetus_porn, d_piddy, nate_higgers, fingermesideways, bodeman115_v2, dodecahedron, dihcrackhw, copper_block.
[04-22 16:14:04]: [FINE] Bodeman115 logged in 0:0:0:0:0:0:0:1%0
[04-22 16:15:21]: [FINE] The user masonclaus has 19 accounts:
[04-22 16:15:21]: [FINE] §7jamar_higgs, §aCobalt§7, paxton, yeeryee1142_, skibidi_toilet, leif_, cullen, §aheny§7, §aBodeman115§7, §amasonclaus§7, nate_higgers69_, dying_fetus_porn, d_piddy, nate_higgers, fingermesideways, bodeman115_v2, dodecahedron, dihcrackhw, copper_block.
[04-22 16:15:21]: [FINE] masonclaus logged in 0:0:0:0:0:0:0:1%0
[04-22 16:15:40]: [FINE] The user Dodecahedron has 19 accounts:
[04-22 16:15:40]: [FINE] §7jamar_higgs, §aCobalt§7, paxton, yeeryee1142_, skibidi_toilet, leif_, cullen, §aheny§7, §aBodeman115§7, §amasonclaus§7, nate_higgers69_, dying_fetus_porn, d_piddy, nate_higgers, fingermesideways, bodeman115_v2, §aDodecahedron§7, dihcrackhw, copper_block.
[04-22 16:15:40]: [FINE] Dodecahedron logged in 0:0:0:0:0:0:0:1%0
[04-22 16:16:58]: [FINE] The user nate_higgers69_ has 19 accounts:
[04-22 16:16:58]: [FINE] §7jamar_higgs, §aCobalt§7, paxton, yeeryee1142_, skibidi_toilet, leif_, cullen, §aheny§7, §aBodeman115§7, §amasonclaus§7, §anate_higgers69_§7, dying_fetus_porn, d_piddy, nate_higgers, fingermesideways, bodeman115_v2, §aDodecahedron§7, dihcrackhw, copper_block.
[04-22 16:16:58]: [FINE] nate_higgers69_ logged in 0:0:0:0:0:0:0:1%0
[04-22 16:18:53]: [FINE] heny used the wrong password
[04-22 16:19:20]: [FINE] paxton used the wrong password
[04-22 16:20:56]: [FINE] The user heny has 19 accounts:
[04-22 16:20:56]: [FINE] §7jamar_higgs, cobalt, paxton, yeeryee1142_, skibidi_toilet, leif_, cullen, §aheny§7, bodeman115, §amasonclaus§7, nate_higgers69_, dying_fetus_porn, d_piddy, nate_higgers, fingermesideways, bodeman115_v2, §aDodecahedron§7, dihcrackhw, copper_block.
[04-22 16:20:56]: [FINE] heny logged in 0:0:0:0:0:0:0:1%0
[04-22 16:26:04]: [FINE] The user masonclaus has 19 accounts:
[04-22 16:26:04]: [FINE] §7jamar_higgs, cobalt, paxton, yeeryee1142_, skibidi_toilet, leif_, cullen, §aheny§7, bodeman115, §amasonclaus§7, nate_higgers69_, dying_fetus_porn, d_piddy, nate_higgers, fingermesideways, bodeman115_v2, §aDodecahedron§7, dihcrackhw, copper_block.
[04-22 16:26:04]: [FINE] masonclaus logged in 0:0:0:0:0:0:0:1%0
[04-22 16:27:14]: [FINE] The user Dodecahedron has 19 accounts:
[04-22 16:27:14]: [FINE] §7jamar_higgs, cobalt, paxton, yeeryee1142_, skibidi_toilet, leif_, cullen, §aheny§7, bodeman115, masonclaus, nate_higgers69_, dying_fetus_porn, d_piddy, nate_higgers, fingermesideways, bodeman115_v2, §aDodecahedron§7, dihcrackhw, copper_block.
[04-22 16:27:14]: [FINE] Dodecahedron logged in 0:0:0:0:0:0:0:1%0
[04-22 16:29:10]: [FINE] The user Cobalt has 19 accounts:
[04-22 16:29:10]: [FINE] §7jamar_higgs, §aCobalt§7, paxton, yeeryee1142_, skibidi_toilet, leif_, cullen, §aheny§7, bodeman115, masonclaus, nate_higgers69_, dying_fetus_porn, d_piddy, nate_higgers, fingermesideways, bodeman115_v2, §aDodecahedron§7, dihcrackhw, copper_block.
[04-22 16:29:10]: [FINE] Cobalt logged in 0:0:0:0:0:0:0:1%0
[04-22 16:32:25]: [FINE] The user heny has 19 accounts:
[04-22 16:32:25]: [FINE] §7jamar_higgs, §aCobalt§7, paxton, yeeryee1142_, skibidi_toilet, leif_, cullen, §aheny§7, bodeman115, masonclaus, nate_higgers69_, dying_fetus_porn, d_piddy, nate_higgers, fingermesideways, bodeman115_v2, §aDodecahedron§7, dihcrackhw, copper_block.
[04-22 16:32:25]: [FINE] heny logged in 0:0:0:0:0:0:0:1%0
[04-22 16:35:29]: [FINE] vivy registered 0:0:0:0:0:0:0:1%0
[04-22 16:35:29]: [FINE] The user vivy has 20 accounts:
[04-22 16:35:29]: [FINE] §7jamar_higgs, §aCobalt§7, paxton, yeeryee1142_, skibidi_toilet, leif_, cullen, heny, bodeman115, masonclaus, nate_higgers69_, dying_fetus_porn, d_piddy, nate_higgers, fingermesideways, bodeman115_v2, §aDodecahedron§7, dihcrackhw, copper_block, §avivy§7.
[04-22 16:35:29]: [FINE] vivy logged in 0:0:0:0:0:0:0:1%0
[04-22 16:38:36]: [FINE] The user skibidi_toilet has 20 accounts:
[04-22 16:38:36]: [FINE] §7jamar_higgs, §aCobalt§7, paxton, yeeryee1142_, §askibidi_toilet§7, leif_, cullen, heny, bodeman115, masonclaus, nate_higgers69_, dying_fetus_porn, d_piddy, nate_higgers, fingermesideways, bodeman115_v2, §aDodecahedron§7, dihcrackhw, copper_block, §avivy§7.
[04-22 16:38:36]: [FINE] skibidi_toilet logged in 0:0:0:0:0:0:0:1%0
[04-22 16:42:49]: [FINE] The user heny has 20 accounts:
[04-22 16:42:49]: [FINE] §7jamar_higgs, §aCobalt§7, paxton, yeeryee1142_, skibidi_toilet, leif_, cullen, §aheny§7, bodeman115, masonclaus, nate_higgers69_, dying_fetus_porn, d_piddy, nate_higgers, fingermesideways, bodeman115_v2, §aDodecahedron§7, dihcrackhw, copper_block, §avivy§7.
[04-22 16:42:49]: [FINE] heny logged in 0:0:0:0:0:0:0:1%0
[04-22 16:43:14]: [FINE] The user masonclaus has 20 accounts:
[04-22 16:43:14]: [FINE] §7jamar_higgs, §aCobalt§7, paxton, yeeryee1142_, skibidi_toilet, leif_, cullen, §aheny§7, bodeman115, §amasonclaus§7, nate_higgers69_, dying_fetus_porn, d_piddy, nate_higgers, fingermesideways, bodeman115_v2, §aDodecahedron§7, dihcrackhw, copper_block, §avivy§7.
[04-22 16:43:14]: [FINE] masonclaus logged in 0:0:0:0:0:0:0:1%0
[04-22 16:46:34]: [FINE] The user heny has 20 accounts:
[04-22 16:46:34]: [FINE] §7jamar_higgs, §aCobalt§7, paxton, yeeryee1142_, skibidi_toilet, leif_, cullen, §aheny§7, bodeman115, masonclaus, nate_higgers69_, dying_fetus_porn, d_piddy, nate_higgers, fingermesideways, bodeman115_v2, dodecahedron, dihcrackhw, copper_block, vivy.
[04-22 16:46:34]: [FINE] heny logged in 0:0:0:0:0:0:0:1%0
[04-22 17:21:37]: [INFO] SQLite Setup finished
[04-22 17:21:37]: [INFO] Hooked into Vault!
[04-22 17:21:37]: [WARN] WARNING! The protectInventory feature requires ProtocolLib! Disabling it...
[04-22 17:21:37]: [INFO] AuthMe 5.6.0 build n.CUSTOM successfully enabled!
[04-22 17:21:37]: [INFO] Downloading GEO IP database, because the old database is older than 30 days or doesn't exist
[04-22 17:21:37]: [WARN] No MaxMind credentials found in the configuration file! GeoIp protections will be disabled.
[04-22 17:21:37]: [INFO] There is no newer GEO IP database uploaded to MaxMind. Using the old one for now.
[04-22 17:21:37]: [WARN] Could not download GeoLiteAPI database [FileNotFoundException]: plugins/AuthMe/GeoLite2-Country.mmdb (No such file or directory)
[04-22 17:21:38]: java.io.FileNotFoundException: plugins/AuthMe/GeoLite2-Country.mmdb (No such file or directory)
	at java.base/java.io.RandomAccessFile.open0(Native Method)
	at java.base/java.io.RandomAccessFile.open(Unknown Source)
	at java.base/java.io.RandomAccessFile.<init>(Unknown Source)
	at java.base/java.io.RandomAccessFile.<init>(Unknown Source)
	at fr.xephi.authme.libs.com.maxmind.db.BufferHolder.<init>(BufferHolder.java:20)
	at fr.xephi.authme.libs.com.maxmind.db.Reader.<init>(Reader.java:121)
	at fr.xephi.authme.service.GeoIpService.startReading(GeoIpService.java:179)
	at fr.xephi.authme.service.GeoIpService.updateDatabase(GeoIpService.java:150)
	at org.bukkit.craftbukkit.v1_12_R1.scheduler.CraftTask.run(CraftTask.java:64)
	at org.bukkit.craftbukkit.v1_12_R1.scheduler.CraftAsyncTask.run(CraftAsyncTask.java:52)
	at com.destroystokyo.paper.ServerSchedulerReportingWrapper.run(ServerSchedulerReportingWrapper.java:22)
	at java.base/java.util.concurrent.ThreadPoolExecutor.runWorker(Unknown Source)
	at java.base/java.util.concurrent.ThreadPoolExecutor$Worker.run(Unknown Source)
	at java.base/java.lang.Thread.run(Unknown Source)

[04-22 17:21:58]: [INFO] AuthMe 5.6.0-bCUSTOM disabled!
[04-22 17:22:32]: [INFO] SQLite Setup finished
[04-22 17:22:32]: [INFO] No supported permissions system found! Permissions are disabled!
[04-22 17:22:32]: [WARN] WARNING! The protectInventory feature requires ProtocolLib! Disabling it...
[04-22 17:22:33]: [INFO] AuthMe 5.6.0 build n.CUSTOM successfully enabled!
[04-22 17:22:35]: [INFO] Downloading GEO IP database, because the old database is older than 30 days or doesn't exist
[04-22 17:22:35]: [WARN] No MaxMind credentials found in the configuration file! GeoIp protections will be disabled.
[04-22 17:22:35]: [INFO] There is no newer GEO IP database uploaded to MaxMind. Using the old one for now.
[04-22 17:22:35]: [WARN] Could not download GeoLiteAPI database [FileNotFoundException]: plugins/AuthMe/GeoLite2-Country.mmdb (No such file or directory)
[04-22 17:22:35]: java.io.FileNotFoundException: plugins/AuthMe/GeoLite2-Country.mmdb (No such file or directory)
	at java.base/java.io.RandomAccessFile.open0(Native Method)
	at java.base/java.io.RandomAccessFile.open(Unknown Source)
	at java.base/java.io.RandomAccessFile.<init>(Unknown Source)
	at java.base/java.io.RandomAccessFile.<init>(Unknown Source)
	at fr.xephi.authme.libs.com.maxmind.db.BufferHolder.<init>(BufferHolder.java:20)
	at fr.xephi.authme.libs.com.maxmind.db.Reader.<init>(Reader.java:121)
	at fr.xephi.authme.service.GeoIpService.startReading(GeoIpService.java:179)
	at fr.xephi.authme.service.GeoIpService.updateDatabase(GeoIpService.java:150)
	at org.bukkit.craftbukkit.v1_12_R1.scheduler.CraftTask.run(CraftTask.java:64)
	at org.bukkit.craftbukkit.v1_12_R1.scheduler.CraftAsyncTask.run(CraftAsyncTask.java:52)
	at com.destroystokyo.paper.ServerSchedulerReportingWrapper.run(ServerSchedulerReportingWrapper.java:22)
	at java.base/java.util.concurrent.ThreadPoolExecutor.runWorker(Unknown Source)
	at java.base/java.util.concurrent.ThreadPoolExecutor$Worker.run(Unknown Source)
	at java.base/java.lang.Thread.run(Unknown Source)

[04-22 17:23:03]: [FINE] The user heny has 20 accounts:
[04-22 17:23:03]: [FINE] §7jamar_higgs, cobalt, paxton, yeeryee1142_, skibidi_toilet, leif_, cullen, §aheny§7, bodeman115, masonclaus, nate_higgers69_, dying_fetus_porn, d_piddy, nate_higgers, fingermesideways, bodeman115_v2, dodecahedron, dihcrackhw, copper_block, §avivy§7.
[04-22 17:23:03]: [FINE] heny logged in 0:0:0:0:0:0:0:1%0
[04-22 17:23:13]: [FINE] The user Bodeman115 has 20 accounts:
[04-22 17:23:13]: [FINE] §7jamar_higgs, §aCobalt§7, paxton, yeeryee1142_, skibidi_toilet, leif_, cullen, §aheny§7, §aBodeman115§7, masonclaus, nate_higgers69_, dying_fetus_porn, d_piddy, nate_higgers, fingermesideways, bodeman115_v2, dodecahedron, dihcrackhw, copper_block, vivy.
[04-22 17:23:13]: [FINE] Bodeman115 logged in 0:0:0:0:0:0:0:1%0
[04-22 17:23:16]: [FINE] The user Cobalt has 20 accounts:
[04-22 17:23:16]: [FINE] §7jamar_higgs, §aCobalt§7, paxton, yeeryee1142_, skibidi_toilet, leif_, cullen, §aheny§7, §aBodeman115§7, masonclaus, nate_higgers69_, dying_fetus_porn, d_piddy, nate_higgers, fingermesideways, bodeman115_v2, dodecahedron, dihcrackhw, copper_block, vivy.
[04-22 17:23:16]: [FINE] Cobalt logged in 0:0:0:0:0:0:0:1%0
[04-22 17:23:27]: [FINE] The user vivy has 20 accounts:
[04-22 17:23:27]: [FINE] §7jamar_higgs, §aCobalt§7, paxton, yeeryee1142_, skibidi_toilet, leif_, cullen, §aheny§7, §aBodeman115§7, masonclaus, nate_higgers69_, dying_fetus_porn, d_piddy, nate_higgers, fingermesideways, bodeman115_v2, dodecahedron, dihcrackhw, copper_block, §avivy§7.
[04-22 17:23:27]: [FINE] vivy logged in 0:0:0:0:0:0:0:1%0
[04-22 17:23:45]: [FINE] The user skibidi_toilet has 20 accounts:
[04-22 17:23:45]: [FINE] §7jamar_higgs, §aCobalt§7, paxton, yeeryee1142_, §askibidi_toilet§7, leif_, cullen, §aheny§7, §aBodeman115§7, masonclaus, nate_higgers69_, dying_fetus_porn, d_piddy, nate_higgers, fingermesideways, bodeman115_v2, dodecahedron, dihcrackhw, copper_block, §avivy§7.
[04-22 17:23:45]: [FINE] skibidi_toilet logged in 0:0:0:0:0:0:0:1%0
[04-22 17:23:55]: [FINE] The user leif_ has 20 accounts:
[04-22 17:23:55]: [FINE] §7jamar_higgs, §aCobalt§7, paxton, yeeryee1142_, §askibidi_toilet§7, §aleif_§7, cullen, §aheny§7, §aBodeman115§7, masonclaus, nate_higgers69_, dying_fetus_porn, d_piddy, nate_higgers, fingermesideways, bodeman115_v2, dodecahedron, dihcrackhw, copper_block, §avivy§7.
[04-22 17:23:55]: [FINE] leif_ logged in 0:0:0:0:0:0:0:1%0
[04-22 17:24:59]: [FINE] The user fingermesideways has 20 accounts:
[04-22 17:24:59]: [FINE] §7jamar_higgs, §aCobalt§7, paxton, yeeryee1142_, §askibidi_toilet§7, §aleif_§7, cullen, heny, §aBodeman115§7, masonclaus, nate_higgers69_, dying_fetus_porn, d_piddy, nate_higgers, §afingermesideways§7, bodeman115_v2, dodecahedron, dihcrackhw, copper_block, §avivy§7.
[04-22 17:24:59]: [FINE] fingermesideways logged in 0:0:0:0:0:0:0:1%0
[04-22 17:27:54]: [FINE] The user Dodecahedron has 20 accounts:
[04-22 17:27:54]: [FINE] §7jamar_higgs, §aCobalt§7, paxton, yeeryee1142_, §askibidi_toilet§7, §aleif_§7, cullen, heny, §aBodeman115§7, masonclaus, nate_higgers69_, dying_fetus_porn, d_piddy, nate_higgers, §afingermesideways§7, bodeman115_v2, §aDodecahedron§7, dihcrackhw, copper_block, §avivy§7.
[04-22 17:27:54]: [FINE] Dodecahedron logged in 0:0:0:0:0:0:0:1%0
[04-22 17:29:10]: [FINE] Bodeman1150 registered 0:0:0:0:0:0:0:1%0
[04-22 17:29:10]: [FINE] The user Bodeman1150 has 21 accounts:
[04-22 17:29:10]: [FINE] §7jamar_higgs, §aCobalt§7, paxton, yeeryee1142_, §askibidi_toilet§7, §aleif_§7, cullen, heny, §aBodeman115§7, masonclaus, nate_higgers69_, dying_fetus_porn, d_piddy, nate_higgers, §afingermesideways§7, bodeman115_v2, §aDodecahedron§7, dihcrackhw, copper_block, §avivy§7, §aBodeman1150§7.
[04-22 17:29:10]: [FINE] Bodeman1150 logged in 0:0:0:0:0:0:0:1%0
[04-22 17:30:00]: [FINE] The user fingermesideways has 21 accounts:
[04-22 17:30:00]: [FINE] §7jamar_higgs, §aCobalt§7, paxton, yeeryee1142_, §askibidi_toilet§7, §aleif_§7, cullen, heny, §aBodeman115§7, masonclaus, nate_higgers69_, dying_fetus_porn, d_piddy, nate_higgers, §afingermesideways§7, bodeman115_v2, §aDodecahedron§7, dihcrackhw, copper_block, §avivy§7, §aBodeman1150§7.
[04-22 17:30:00]: [FINE] fingermesideways logged in 0:0:0:0:0:0:0:1%0
[04-22 17:31:28]: [FINE] The user skibidi_toilet has 21 accounts:
[04-22 17:31:28]: [FINE] §7jamar_higgs, §aCobalt§7, paxton, yeeryee1142_, §askibidi_toilet§7, leif_, cullen, heny, §aBodeman115§7, masonclaus, nate_higgers69_, dying_fetus_porn, d_piddy, nate_higgers, §afingermesideways§7, bodeman115_v2, §aDodecahedron§7, dihcrackhw, copper_block, §avivy§7, bodeman1150.
[04-22 17:31:28]: [FINE] skibidi_toilet logged in 0:0:0:0:0:0:0:1%0
[04-22 17:35:59]: [FINE] The user heny has 21 accounts:
[04-22 17:35:59]: [FINE] §7jamar_higgs, §aCobalt§7, paxton, yeeryee1142_, §askibidi_toilet§7, leif_, cullen, §aheny§7, §aBodeman115§7, masonclaus, nate_higgers69_, dying_fetus_porn, d_piddy, nate_higgers, §afingermesideways§7, bodeman115_v2, §aDodecahedron§7, dihcrackhw, copper_block, §avivy§7, bodeman1150.
[04-22 17:35:59]: [FINE] heny logged in 0:0:0:0:0:0:0:1%0
[04-22 17:38:59]: [INFO] AuthMe 5.6.0-bCUSTOM disabled!
[04-22 17:39:13]: [INFO] SQLite Setup finished
[04-22 17:39:13]: [INFO] No supported permissions system found! Permissions are disabled!
[04-22 17:39:14]: [WARN] WARNING! The protectInventory feature requires ProtocolLib! Disabling it...
[04-22 17:39:14]: [INFO] AuthMe 5.6.0 build n.CUSTOM successfully enabled!
[04-22 17:39:15]: [INFO] Downloading GEO IP database, because the old database is older than 30 days or doesn't exist
[04-22 17:39:15]: [WARN] No MaxMind credentials found in the configuration file! GeoIp protections will be disabled.
[04-22 17:39:15]: [INFO] There is no newer GEO IP database uploaded to MaxMind. Using the old one for now.
[04-22 17:39:15]: [WARN] Could not download GeoLiteAPI database [FileNotFoundException]: plugins/AuthMe/GeoLite2-Country.mmdb (No such file or directory)
[04-22 17:39:15]: java.io.FileNotFoundException: plugins/AuthMe/GeoLite2-Country.mmdb (No such file or directory)
	at java.base/java.io.RandomAccessFile.open0(Native Method)
	at java.base/java.io.RandomAccessFile.open(Unknown Source)
	at java.base/java.io.RandomAccessFile.<init>(Unknown Source)
	at java.base/java.io.RandomAccessFile.<init>(Unknown Source)
	at fr.xephi.authme.libs.com.maxmind.db.BufferHolder.<init>(BufferHolder.java:20)
	at fr.xephi.authme.libs.com.maxmind.db.Reader.<init>(Reader.java:121)
	at fr.xephi.authme.service.GeoIpService.startReading(GeoIpService.java:179)
	at fr.xephi.authme.service.GeoIpService.updateDatabase(GeoIpService.java:150)
	at org.bukkit.craftbukkit.v1_12_R1.scheduler.CraftTask.run(CraftTask.java:64)
	at org.bukkit.craftbukkit.v1_12_R1.scheduler.CraftAsyncTask.run(CraftAsyncTask.java:52)
	at com.destroystokyo.paper.ServerSchedulerReportingWrapper.run(ServerSchedulerReportingWrapper.java:22)
	at java.base/java.util.concurrent.ThreadPoolExecutor.runWorker(Unknown Source)
	at java.base/java.util.concurrent.ThreadPoolExecutor$Worker.run(Unknown Source)
	at java.base/java.lang.Thread.run(Unknown Source)

[04-22 17:39:36]: [INFO] AuthMe 5.6.0-bCUSTOM disabled!
[04-22 17:39:55]: [INFO] SQLite Setup finished
[04-22 17:39:55]: [INFO] No supported permissions system found! Permissions are disabled!
[04-22 17:39:55]: [WARN] WARNING! The protectInventory feature requires ProtocolLib! Disabling it...
[04-22 17:39:55]: [INFO] AuthMe 5.6.0 build n.CUSTOM successfully enabled!
[04-22 17:39:56]: [INFO] Downloading GEO IP database, because the old database is older than 30 days or doesn't exist
[04-22 17:39:56]: [WARN] No MaxMind credentials found in the configuration file! GeoIp protections will be disabled.
[04-22 17:39:56]: [INFO] There is no newer GEO IP database uploaded to MaxMind. Using the old one for now.
[04-22 17:39:56]: [WARN] Could not download GeoLiteAPI database [FileNotFoundException]: plugins/AuthMe/GeoLite2-Country.mmdb (No such file or directory)
[04-22 17:39:56]: java.io.FileNotFoundException: plugins/AuthMe/GeoLite2-Country.mmdb (No such file or directory)
	at java.base/java.io.RandomAccessFile.open0(Native Method)
	at java.base/java.io.RandomAccessFile.open(Unknown Source)
	at java.base/java.io.RandomAccessFile.<init>(Unknown Source)
	at java.base/java.io.RandomAccessFile.<init>(Unknown Source)
	at fr.xephi.authme.libs.com.maxmind.db.BufferHolder.<init>(BufferHolder.java:20)
	at fr.xephi.authme.libs.com.maxmind.db.Reader.<init>(Reader.java:121)
	at fr.xephi.authme.service.GeoIpService.startReading(GeoIpService.java:179)
	at fr.xephi.authme.service.GeoIpService.updateDatabase(GeoIpService.java:150)
	at org.bukkit.craftbukkit.v1_12_R1.scheduler.CraftTask.run(CraftTask.java:64)
	at org.bukkit.craftbukkit.v1_12_R1.scheduler.CraftAsyncTask.run(CraftAsyncTask.java:52)
	at com.destroystokyo.paper.ServerSchedulerReportingWrapper.run(ServerSchedulerReportingWrapper.java:22)
	at java.base/java.util.concurrent.ThreadPoolExecutor.runWorker(Unknown Source)
	at java.base/java.util.concurrent.ThreadPoolExecutor$Worker.run(Unknown Source)
	at java.base/java.lang.Thread.run(Unknown Source)

[04-22 17:40:56]: [INFO] AuthMe 5.6.0-bCUSTOM disabled!
[04-22 17:41:45]: [INFO] SQLite Setup finished
[04-22 17:41:45]: [INFO] No supported permissions system found! Permissions are disabled!
[04-22 17:41:45]: [WARN] WARNING! The protectInventory feature requires ProtocolLib! Disabling it...
[04-22 17:41:45]: [INFO] AuthMe 5.6.0 build n.CUSTOM successfully enabled!
[04-22 17:41:46]: [INFO] Downloading GEO IP database, because the old database is older than 30 days or doesn't exist
[04-22 17:41:46]: [WARN] No MaxMind credentials found in the configuration file! GeoIp protections will be disabled.
[04-22 17:41:46]: [INFO] There is no newer GEO IP database uploaded to MaxMind. Using the old one for now.
[04-22 17:41:46]: [WARN] Could not download GeoLiteAPI database [FileNotFoundException]: plugins/AuthMe/GeoLite2-Country.mmdb (No such file or directory)
[04-22 17:41:46]: java.io.FileNotFoundException: plugins/AuthMe/GeoLite2-Country.mmdb (No such file or directory)
	at java.base/java.io.RandomAccessFile.open0(Native Method)
	at java.base/java.io.RandomAccessFile.open(Unknown Source)
	at java.base/java.io.RandomAccessFile.<init>(Unknown Source)
	at java.base/java.io.RandomAccessFile.<init>(Unknown Source)
	at fr.xephi.authme.libs.com.maxmind.db.BufferHolder.<init>(BufferHolder.java:20)
	at fr.xephi.authme.libs.com.maxmind.db.Reader.<init>(Reader.java:121)
	at fr.xephi.authme.service.GeoIpService.startReading(GeoIpService.java:179)
	at fr.xephi.authme.service.GeoIpService.updateDatabase(GeoIpService.java:150)
	at org.bukkit.craftbukkit.v1_12_R1.scheduler.CraftTask.run(CraftTask.java:64)
	at org.bukkit.craftbukkit.v1_12_R1.scheduler.CraftAsyncTask.run(CraftAsyncTask.java:52)
	at com.destroystokyo.paper.ServerSchedulerReportingWrapper.run(ServerSchedulerReportingWrapper.java:22)
	at java.base/java.util.concurrent.ThreadPoolExecutor.runWorker(Unknown Source)
	at java.base/java.util.concurrent.ThreadPoolExecutor$Worker.run(Unknown Source)
	at java.base/java.lang.Thread.run(Unknown Source)

[04-22 17:42:56]: [INFO] AuthMe 5.6.0-bCUSTOM disabled!
[04-22 17:43:10]: [INFO] SQLite Setup finished
[04-22 17:43:10]: [INFO] No supported permissions system found! Permissions are disabled!
[04-22 17:43:10]: [WARN] WARNING! The protectInventory feature requires ProtocolLib! Disabling it...
[04-22 17:43:10]: [INFO] AuthMe 5.6.0 build n.CUSTOM successfully enabled!
[04-22 17:43:12]: [INFO] Downloading GEO IP database, because the old database is older than 30 days or doesn't exist
[04-22 17:43:12]: [WARN] No MaxMind credentials found in the configuration file! GeoIp protections will be disabled.
[04-22 17:43:12]: [INFO] There is no newer GEO IP database uploaded to MaxMind. Using the old one for now.
[04-22 17:43:12]: [WARN] Could not download GeoLiteAPI database [FileNotFoundException]: plugins/AuthMe/GeoLite2-Country.mmdb (No such file or directory)
[04-22 17:43:12]: java.io.FileNotFoundException: plugins/AuthMe/GeoLite2-Country.mmdb (No such file or directory)
	at java.base/java.io.RandomAccessFile.open0(Native Method)
	at java.base/java.io.RandomAccessFile.open(Unknown Source)
	at java.base/java.io.RandomAccessFile.<init>(Unknown Source)
	at java.base/java.io.RandomAccessFile.<init>(Unknown Source)
	at fr.xephi.authme.libs.com.maxmind.db.BufferHolder.<init>(BufferHolder.java:20)
	at fr.xephi.authme.libs.com.maxmind.db.Reader.<init>(Reader.java:121)
	at fr.xephi.authme.service.GeoIpService.startReading(GeoIpService.java:179)
	at fr.xephi.authme.service.GeoIpService.updateDatabase(GeoIpService.java:150)
	at org.bukkit.craftbukkit.v1_12_R1.scheduler.CraftTask.run(CraftTask.java:64)
	at org.bukkit.craftbukkit.v1_12_R1.scheduler.CraftAsyncTask.run(CraftAsyncTask.java:52)
	at com.destroystokyo.paper.ServerSchedulerReportingWrapper.run(ServerSchedulerReportingWrapper.java:22)
	at java.base/java.util.concurrent.ThreadPoolExecutor.runWorker(Unknown Source)
	at java.base/java.util.concurrent.ThreadPoolExecutor$Worker.run(Unknown Source)
	at java.base/java.lang.Thread.run(Unknown Source)

[04-22 17:44:11]: [INFO] AuthMe 5.6.0-bCUSTOM disabled!
[04-22 17:44:34]: [INFO] SQLite Setup finished
[04-22 17:44:34]: [INFO] No supported permissions system found! Permissions are disabled!
[04-22 17:44:34]: [WARN] WARNING! The protectInventory feature requires ProtocolLib! Disabling it...
[04-22 17:44:34]: [INFO] AuthMe 5.6.0 build n.CUSTOM successfully enabled!
[04-22 17:44:35]: [INFO] Downloading GEO IP database, because the old database is older than 30 days or doesn't exist
[04-22 17:44:35]: [WARN] No MaxMind credentials found in the configuration file! GeoIp protections will be disabled.
[04-22 17:44:35]: [INFO] There is no newer GEO IP database uploaded to MaxMind. Using the old one for now.
[04-22 17:44:35]: [WARN] Could not download GeoLiteAPI database [FileNotFoundException]: plugins/AuthMe/GeoLite2-Country.mmdb (No such file or directory)
[04-22 17:44:35]: java.io.FileNotFoundException: plugins/AuthMe/GeoLite2-Country.mmdb (No such file or directory)
	at java.base/java.io.RandomAccessFile.open0(Native Method)
	at java.base/java.io.RandomAccessFile.open(Unknown Source)
	at java.base/java.io.RandomAccessFile.<init>(Unknown Source)
	at java.base/java.io.RandomAccessFile.<init>(Unknown Source)
	at fr.xephi.authme.libs.com.maxmind.db.BufferHolder.<init>(BufferHolder.java:20)
	at fr.xephi.authme.libs.com.maxmind.db.Reader.<init>(Reader.java:121)
	at fr.xephi.authme.service.GeoIpService.startReading(GeoIpService.java:179)
	at fr.xephi.authme.service.GeoIpService.updateDatabase(GeoIpService.java:150)
	at org.bukkit.craftbukkit.v1_12_R1.scheduler.CraftTask.run(CraftTask.java:64)
	at org.bukkit.craftbukkit.v1_12_R1.scheduler.CraftAsyncTask.run(CraftAsyncTask.java:52)
	at com.destroystokyo.paper.ServerSchedulerReportingWrapper.run(ServerSchedulerReportingWrapper.java:22)
	at java.base/java.util.concurrent.ThreadPoolExecutor.runWorker(Unknown Source)
	at java.base/java.util.concurrent.ThreadPoolExecutor$Worker.run(Unknown Source)
	at java.base/java.lang.Thread.run(Unknown Source)

[04-22 17:47:15]: [INFO] AuthMe 5.6.0-bCUSTOM disabled!
[04-22 17:47:30]: [INFO] SQLite Setup finished
[04-22 17:47:30]: [INFO] No supported permissions system found! Permissions are disabled!
[04-22 17:47:30]: [WARN] WARNING! The protectInventory feature requires ProtocolLib! Disabling it...
[04-22 17:47:30]: [INFO] AuthMe 5.6.0 build n.CUSTOM successfully enabled!
[04-22 17:47:31]: [INFO] Downloading GEO IP database, because the old database is older than 30 days or doesn't exist
[04-22 17:47:31]: [WARN] No MaxMind credentials found in the configuration file! GeoIp protections will be disabled.
[04-22 17:47:31]: [INFO] There is no newer GEO IP database uploaded to MaxMind. Using the old one for now.
[04-22 17:47:31]: [WARN] Could not download GeoLiteAPI database [FileNotFoundException]: plugins/AuthMe/GeoLite2-Country.mmdb (No such file or directory)
[04-22 17:47:31]: java.io.FileNotFoundException: plugins/AuthMe/GeoLite2-Country.mmdb (No such file or directory)
	at java.base/java.io.RandomAccessFile.open0(Native Method)
	at java.base/java.io.RandomAccessFile.open(Unknown Source)
	at java.base/java.io.RandomAccessFile.<init>(Unknown Source)
	at java.base/java.io.RandomAccessFile.<init>(Unknown Source)
	at fr.xephi.authme.libs.com.maxmind.db.BufferHolder.<init>(BufferHolder.java:20)
	at fr.xephi.authme.libs.com.maxmind.db.Reader.<init>(Reader.java:121)
	at fr.xephi.authme.service.GeoIpService.startReading(GeoIpService.java:179)
	at fr.xephi.authme.service.GeoIpService.updateDatabase(GeoIpService.java:150)
	at org.bukkit.craftbukkit.v1_12_R1.scheduler.CraftTask.run(CraftTask.java:64)
	at org.bukkit.craftbukkit.v1_12_R1.scheduler.CraftAsyncTask.run(CraftAsyncTask.java:52)
	at com.destroystokyo.paper.ServerSchedulerReportingWrapper.run(ServerSchedulerReportingWrapper.java:22)
	at java.base/java.util.concurrent.ThreadPoolExecutor.runWorker(Unknown Source)
	at java.base/java.util.concurrent.ThreadPoolExecutor$Worker.run(Unknown Source)
	at java.base/java.lang.Thread.run(Unknown Source)

[04-22 17:50:54]: [FINE] The user Bodeman115 has 21 accounts:
[04-22 17:50:54]: [FINE] §7jamar_higgs, cobalt, paxton, yeeryee1142_, skibidi_toilet, leif_, cullen, heny, §aBodeman115§7, masonclaus, nate_higgers69_, dying_fetus_porn, d_piddy, nate_higgers, fingermesideways, bodeman115_v2, dodecahedron, dihcrackhw, copper_block, vivy, bodeman1150.
[04-22 17:50:54]: [FINE] Bodeman115 logged in 0:0:0:0:0:0:0:1%0
[04-22 17:51:03]: [FINE] The user Cobalt has 21 accounts:
[04-22 17:51:03]: [FINE] §7jamar_higgs, §aCobalt§7, paxton, yeeryee1142_, skibidi_toilet, leif_, cullen, heny, §aBodeman115§7, masonclaus, nate_higgers69_, dying_fetus_porn, d_piddy, nate_higgers, fingermesideways, bodeman115_v2, dodecahedron, dihcrackhw, copper_block, vivy, bodeman1150.
[04-22 17:51:03]: [FINE] Cobalt logged in 0:0:0:0:0:0:0:1%0
[04-22 17:52:11]: [FINE] The user skibidi_toilet has 21 accounts:
[04-22 17:52:11]: [FINE] §7jamar_higgs, §aCobalt§7, paxton, yeeryee1142_, §askibidi_toilet§7, leif_, cullen, heny, §aBodeman115§7, masonclaus, nate_higgers69_, dying_fetus_porn, d_piddy, nate_higgers, fingermesideways, bodeman115_v2, dodecahedron, dihcrackhw, copper_block, vivy, bodeman1150.
[04-22 17:52:11]: [FINE] skibidi_toilet logged in 0:0:0:0:0:0:0:1%0
[04-22 17:53:52]: [FINE] The user fingermesideways has 21 accounts:
[04-22 17:53:52]: [FINE] §7jamar_higgs, §aCobalt§7, paxton, yeeryee1142_, §askibidi_toilet§7, leif_, cullen, heny, §aBodeman115§7, masonclaus, nate_higgers69_, dying_fetus_porn, d_piddy, nate_higgers, §afingermesideways§7, bodeman115_v2, dodecahedron, dihcrackhw, copper_block, vivy, bodeman1150.
[04-22 17:53:52]: [FINE] fingermesideways logged in 0:0:0:0:0:0:0:1%0
[04-22 17:54:19]: [FINE] The user Dodecahedron has 21 accounts:
[04-22 17:54:19]: [FINE] §7jamar_higgs, §aCobalt§7, paxton, yeeryee1142_, §askibidi_toilet§7, leif_, cullen, heny, §aBodeman115§7, masonclaus, nate_higgers69_, dying_fetus_porn, d_piddy, nate_higgers, §afingermesideways§7, bodeman115_v2, §aDodecahedron§7, dihcrackhw, copper_block, vivy, bodeman1150.
[04-22 17:54:19]: [FINE] Dodecahedron logged in 0:0:0:0:0:0:0:1%0
[04-22 18:01:32]: [FINE] The user leif_ has 21 accounts:
[04-22 18:01:32]: [FINE] §7jamar_higgs, §aCobalt§7, paxton, yeeryee1142_, §askibidi_toilet§7, §aleif_§7, cullen, heny, §aBodeman115§7, masonclaus, nate_higgers69_, dying_fetus_porn, d_piddy, nate_higgers, fingermesideways, bodeman115_v2, §aDodecahedron§7, dihcrackhw, copper_block, vivy, bodeman1150.
[04-22 18:01:32]: [FINE] leif_ logged in 0:0:0:0:0:0:0:1%0
[04-22 18:01:55]: [FINE] The user fingermesideways has 21 accounts:
[04-22 18:01:55]: [FINE] §7jamar_higgs, §aCobalt§7, paxton, yeeryee1142_, §askibidi_toilet§7, §aleif_§7, cullen, heny, §aBodeman115§7, masonclaus, nate_higgers69_, dying_fetus_porn, d_piddy, nate_higgers, §afingermesideways§7, bodeman115_v2, §aDodecahedron§7, dihcrackhw, copper_block, vivy, bodeman1150.
[04-22 18:01:55]: [FINE] fingermesideways logged in 0:0:0:0:0:0:0:1%0
[04-22 18:05:40]: [FINE] The user vivy has 21 accounts:
[04-22 18:05:40]: [FINE] §7jamar_higgs, §aCobalt§7, paxton, yeeryee1142_, §askibidi_toilet§7, §aleif_§7, cullen, heny, §aBodeman115§7, masonclaus, nate_higgers69_, dying_fetus_porn, d_piddy, nate_higgers, §afingermesideways§7, bodeman115_v2, §aDodecahedron§7, dihcrackhw, copper_block, §avivy§7, bodeman1150.
[04-22 18:05:40]: [FINE] vivy logged in 0:0:0:0:0:0:0:1%0
[04-22 18:11:10]: [FINE] The user heny has 21 accounts:
[04-22 18:11:10]: [FINE] §7jamar_higgs, §aCobalt§7, paxton, yeeryee1142_, §askibidi_toilet§7, §aleif_§7, cullen, §aheny§7, bodeman115, masonclaus, nate_higgers69_, dying_fetus_porn, d_piddy, nate_higgers, §afingermesideways§7, bodeman115_v2, §aDodecahedron§7, dihcrackhw, copper_block, vivy, bodeman1150.
[04-22 18:11:10]: [FINE] heny logged in 0:0:0:0:0:0:0:1%0
[04-22 18:12:59]: [FINE] The user leif_ has 21 accounts:
[04-22 18:12:59]: [FINE] §7jamar_higgs, cobalt, paxton, yeeryee1142_, skibidi_toilet, §aleif_§7, cullen, §aheny§7, bodeman115, masonclaus, nate_higgers69_, dying_fetus_porn, d_piddy, nate_higgers, fingermesideways, bodeman115_v2, §aDodecahedron§7, dihcrackhw, copper_block, vivy, bodeman1150.
[04-22 18:12:59]: [FINE] leif_ logged in 0:0:0:0:0:0:0:1%0
[04-22 18:20:14]: [FINE] The user skibidi_toilet has 21 accounts:
[04-22 18:20:14]: [FINE] §7jamar_higgs, cobalt, paxton, yeeryee1142_, §askibidi_toilet§7, leif_, cullen, heny, bodeman115, masonclaus, nate_higgers69_, dying_fetus_porn, d_piddy, nate_higgers, fingermesideways, bodeman115_v2, dodecahedron, dihcrackhw, copper_block, vivy, bodeman1150.
[04-22 18:20:14]: [FINE] skibidi_toilet logged in 0:0:0:0:0:0:0:1%0
[04-22 18:23:03]: [FINE] The user skibidi_toilet has 21 accounts:
[04-22 18:23:03]: [FINE] §7jamar_higgs, cobalt, paxton, yeeryee1142_, §askibidi_toilet§7, leif_, cullen, heny, bodeman115, masonclaus, nate_higgers69_, dying_fetus_porn, d_piddy, nate_higgers, fingermesideways, bodeman115_v2, §aDodecahedron§7, dihcrackhw, copper_block, vivy, bodeman1150.
[04-22 18:23:03]: [FINE] skibidi_toilet logged in 0:0:0:0:0:0:0:1%0
[04-22 18:23:11]: [FINE] The user Dodecahedron has 21 accounts:
[04-22 18:23:11]: [FINE] §7jamar_higgs, cobalt, paxton, yeeryee1142_, §askibidi_toilet§7, leif_, cullen, heny, bodeman115, masonclaus, nate_higgers69_, dying_fetus_porn, d_piddy, nate_higgers, fingermesideways, bodeman115_v2, §aDodecahedron§7, dihcrackhw, copper_block, vivy, bodeman1150.
[04-22 18:23:11]: [FINE] Dodecahedron logged in 0:0:0:0:0:0:0:1%0
[04-22 18:32:53]: [FINE] The user skibidi_toilet has 21 accounts:
[04-22 18:32:53]: [FINE] §7jamar_higgs, cobalt, paxton, yeeryee1142_, §askibidi_toilet§7, leif_, cullen, heny, bodeman115, masonclaus, nate_higgers69_, dying_fetus_porn, d_piddy, nate_higgers, fingermesideways, bodeman115_v2, dodecahedron, dihcrackhw, copper_block, vivy, bodeman1150.
[04-22 18:32:53]: [FINE] skibidi_toilet logged in 0:0:0:0:0:0:0:1%0
[04-22 20:22:18]: [INFO] SQLite Setup finished
[04-22 20:22:18]: [INFO] No supported permissions system found! Permissions are disabled!
[04-22 20:22:18]: [WARN] WARNING! The protectInventory feature requires ProtocolLib! Disabling it...
[04-22 20:22:19]: [INFO] AuthMe 5.6.0 build n.CUSTOM successfully enabled!
[04-22 20:22:21]: [INFO] Downloading GEO IP database, because the old database is older than 30 days or doesn't exist
[04-22 20:22:21]: [WARN] No MaxMind credentials found in the configuration file! GeoIp protections will be disabled.
[04-22 20:22:21]: [INFO] There is no newer GEO IP database uploaded to MaxMind. Using the old one for now.
[04-22 20:22:21]: [WARN] Could not download GeoLiteAPI database [FileNotFoundException]: plugins/AuthMe/GeoLite2-Country.mmdb (No such file or directory)
[04-22 20:22:21]: java.io.FileNotFoundException: plugins/AuthMe/GeoLite2-Country.mmdb (No such file or directory)
	at java.base/java.io.RandomAccessFile.open0(Native Method)
	at java.base/java.io.RandomAccessFile.open(Unknown Source)
	at java.base/java.io.RandomAccessFile.<init>(Unknown Source)
	at java.base/java.io.RandomAccessFile.<init>(Unknown Source)
	at fr.xephi.authme.libs.com.maxmind.db.BufferHolder.<init>(BufferHolder.java:20)
	at fr.xephi.authme.libs.com.maxmind.db.Reader.<init>(Reader.java:121)
	at fr.xephi.authme.service.GeoIpService.startReading(GeoIpService.java:179)
	at fr.xephi.authme.service.GeoIpService.updateDatabase(GeoIpService.java:150)
	at org.bukkit.craftbukkit.v1_12_R1.scheduler.CraftTask.run(CraftTask.java:64)
	at org.bukkit.craftbukkit.v1_12_R1.scheduler.CraftAsyncTask.run(CraftAsyncTask.java:52)
	at com.destroystokyo.paper.ServerSchedulerReportingWrapper.run(ServerSchedulerReportingWrapper.java:22)
	at java.base/java.util.concurrent.ThreadPoolExecutor.runWorker(Unknown Source)
	at java.base/java.util.concurrent.ThreadPoolExecutor$Worker.run(Unknown Source)
	at java.base/java.lang.Thread.run(Unknown Source)

[04-22 20:24:28]: [FINE] The user Bodeman115 has 21 accounts:
[04-22 20:24:28]: [FINE] §7jamar_higgs, cobalt, paxton, yeeryee1142_, skibidi_toilet, §aleif_§7, cullen, heny, §aBodeman115§7, masonclaus, nate_higgers69_, dying_fetus_porn, d_piddy, nate_higgers, fingermesideways, bodeman115_v2, dodecahedron, dihcrackhw, copper_block, vivy, bodeman1150.
[04-22 20:24:28]: [FINE] Bodeman115 logged in 0:0:0:0:0:0:0:1%0
[04-22 20:24:36]: [FINE] The user leif_ has 21 accounts:
[04-22 20:24:36]: [FINE] §7jamar_higgs, cobalt, paxton, yeeryee1142_, skibidi_toilet, §aleif_§7, cullen, heny, §aBodeman115§7, masonclaus, nate_higgers69_, dying_fetus_porn, d_piddy, nate_higgers, fingermesideways, bodeman115_v2, dodecahedron, dihcrackhw, copper_block, vivy, bodeman1150.
[04-22 20:24:36]: [FINE] leif_ logged in 0:0:0:0:0:0:0:1%0
[04-22 20:26:27]: [FINE] The user masonclaus has 21 accounts:
[04-22 20:26:27]: [FINE] §7jamar_higgs, cobalt, paxton, yeeryee1142_, skibidi_toilet, §aleif_§7, cullen, heny, §aBodeman115§7, §amasonclaus§7, nate_higgers69_, dying_fetus_porn, d_piddy, nate_higgers, fingermesideways, bodeman115_v2, dodecahedron, dihcrackhw, copper_block, vivy, bodeman1150.
[04-22 20:26:27]: [FINE] masonclaus logged in 0:0:0:0:0:0:0:1%0
[04-22 20:43:59]: [FINE] The user Cobalt has 21 accounts:
[04-22 20:43:59]: [FINE] §7jamar_higgs, §aCobalt§7, paxton, yeeryee1142_, skibidi_toilet, §aleif_§7, cullen, heny, bodeman115, masonclaus, nate_higgers69_, dying_fetus_porn, d_piddy, nate_higgers, fingermesideways, bodeman115_v2, dodecahedron, dihcrackhw, copper_block, vivy, bodeman1150.
[04-22 20:43:59]: [FINE] Cobalt logged in 0:0:0:0:0:0:0:1%0
[04-22 21:39:43]: [FINE] The user skibidi_toilet has 21 accounts:
[04-22 21:39:43]: [FINE] §7jamar_higgs, §aCobalt§7, paxton, yeeryee1142_, §askibidi_toilet§7, leif_, cullen, heny, bodeman115, masonclaus, nate_higgers69_, dying_fetus_porn, d_piddy, nate_higgers, fingermesideways, bodeman115_v2, dodecahedron, dihcrackhw, copper_block, vivy, bodeman1150.
[04-22 21:39:43]: [FINE] skibidi_toilet logged in 0:0:0:0:0:0:0:1%0
[04-22 21:41:48]: [FINE] The user skibidi_toilet has 21 accounts:
[04-22 21:41:48]: [FINE] §7jamar_higgs, §aCobalt§7, paxton, yeeryee1142_, §askibidi_toilet§7, leif_, cullen, heny, bodeman115, masonclaus, nate_higgers69_, dying_fetus_porn, d_piddy, nate_higgers, fingermesideways, bodeman115_v2, dodecahedron, dihcrackhw, copper_block, vivy, bodeman1150.
[04-22 21:41:48]: [FINE] skibidi_toilet logged in 0:0:0:0:0:0:0:1%0
[04-22 21:42:05]: [FINE] The user leif_ has 21 accounts:
[04-22 21:42:05]: [FINE] §7jamar_higgs, §aCobalt§7, paxton, yeeryee1142_, §askibidi_toilet§7, §aleif_§7, cullen, heny, bodeman115, masonclaus, nate_higgers69_, dying_fetus_porn, d_piddy, nate_higgers, fingermesideways, bodeman115_v2, dodecahedron, dihcrackhw, copper_block, vivy, bodeman1150.
[04-22 21:42:05]: [FINE] leif_ logged in 0:0:0:0:0:0:0:1%0
[09-11 17:57:26]: [INFO] SQLite Setup finished
[09-11 17:57:27]: [INFO] No supported permissions system found! Permissions are disabled!
[09-11 17:57:27]: [WARN] WARNING! The protectInventory feature requires ProtocolLib! Disabling it...
[09-11 17:57:27]: [INFO] AuthMe 5.6.0 build n.CUSTOM successfully enabled!
[09-11 17:57:28]: [INFO] Downloading GEO IP database, because the old database is older than 30 days or doesn't exist
[09-11 17:57:28]: [WARN] No MaxMind credentials found in the configuration file! GeoIp protections will be disabled.
[09-11 17:57:28]: [INFO] There is no newer GEO IP database uploaded to MaxMind. Using the old one for now.
[09-11 17:57:28]: [WARN] Could not download GeoLiteAPI database [FileNotFoundException]: plugins/AuthMe/GeoLite2-Country.mmdb (No such file or directory)
[09-11 17:57:28]: java.io.FileNotFoundException: plugins/AuthMe/GeoLite2-Country.mmdb (No such file or directory)
	at java.base/java.io.RandomAccessFile.open0(Native Method)
	at java.base/java.io.RandomAccessFile.open(Unknown Source)
	at java.base/java.io.RandomAccessFile.<init>(Unknown Source)
	at java.base/java.io.RandomAccessFile.<init>(Unknown Source)
	at fr.xephi.authme.libs.com.maxmind.db.BufferHolder.<init>(BufferHolder.java:20)
	at fr.xephi.authme.libs.com.maxmind.db.Reader.<init>(Reader.java:121)
	at fr.xephi.authme.service.GeoIpService.startReading(GeoIpService.java:179)
	at fr.xephi.authme.service.GeoIpService.updateDatabase(GeoIpService.java:150)
	at org.bukkit.craftbukkit.v1_12_R1.scheduler.CraftTask.run(CraftTask.java:64)
	at org.bukkit.craftbukkit.v1_12_R1.scheduler.CraftAsyncTask.run(CraftAsyncTask.java:52)
	at com.destroystokyo.paper.ServerSchedulerReportingWrapper.run(ServerSchedulerReportingWrapper.java:22)
	at java.base/java.util.concurrent.ThreadPoolExecutor.runWorker(Unknown Source)
	at java.base/java.util.concurrent.ThreadPoolExecutor$Worker.run(Unknown Source)
	at java.base/java.lang.Thread.run(Unknown Source)

[09-11 17:59:58]: [FINE] Duzty registered 0:0:0:0:0:0:0:1%0
[09-11 17:59:58]: [FINE] The user Duzty has 22 accounts:
[09-11 17:59:58]: [FINE] §7jamar_higgs, cobalt, paxton, yeeryee1142_, skibidi_toilet, leif_, cullen, heny, bodeman115, masonclaus, nate_higgers69_, dying_fetus_porn, d_piddy, nate_higgers, fingermesideways, bodeman115_v2, dodecahedron, dihcrackhw, copper_block, vivy, bodeman1150, §aDuzty§7.
[09-11 17:59:58]: [FINE] Duzty logged in 0:0:0:0:0:0:0:1%0
[09-11 18:01:04]: [FINE] pissmanthethird registered 0:0:0:0:0:0:0:1%0
[09-11 18:01:04]: [FINE] The user pissmanthethird has 23 accounts:
[09-11 18:01:04]: [FINE] §7jamar_higgs, cobalt, paxton, yeeryee1142_, skibidi_toilet, leif_, cullen, heny, bodeman115, masonclaus, nate_higgers69_, dying_fetus_porn, d_piddy, nate_higgers, fingermesideways, bodeman115_v2, dodecahedron, dihcrackhw, copper_block, vivy, bodeman1150, §aDuzty§7, §apissmanthethird§7.
[09-11 18:01:04]: [FINE] pissmanthethird logged in 0:0:0:0:0:0:0:1%0
[09-11 18:01:41]: [FINE] acie registered 0:0:0:0:0:0:0:1%0
[09-11 18:01:41]: [FINE] The user acie has 24 accounts:
[09-11 18:01:41]: [FINE] §7jamar_higgs, cobalt, paxton, yeeryee1142_, skibidi_toilet, leif_, cullen, heny, bodeman115, masonclaus, nate_higgers69_, dying_fetus_porn, d_piddy, nate_higgers, fingermesideways, bodeman115_v2, dodecahedron, dihcrackhw, copper_block, vivy, bodeman1150, §aDuzty§7, §apissmanthethird§7, §aacie§7.
[09-11 18:01:41]: [FINE] acie logged in 0:0:0:0:0:0:0:1%0
[09-11 18:02:15]: [INFO] AuthMe 5.6.0-bCUSTOM disabled!
[09-11 18:02:35]: [INFO] SQLite Setup finished
[09-11 18:02:35]: [INFO] No supported permissions system found! Permissions are disabled!
[09-11 18:02:35]: [WARN] WARNING! The protectInventory feature requires ProtocolLib! Disabling it...
[09-11 18:02:36]: [INFO] AuthMe 5.6.0 build n.CUSTOM successfully enabled!
[09-11 18:02:38]: [INFO] Downloading GEO IP database, because the old database is older than 30 days or doesn't exist
[09-11 18:02:38]: [WARN] No MaxMind credentials found in the configuration file! GeoIp protections will be disabled.
[09-11 18:02:38]: [INFO] There is no newer GEO IP database uploaded to MaxMind. Using the old one for now.
[09-11 18:02:38]: [WARN] Could not download GeoLiteAPI database [FileNotFoundException]: plugins/AuthMe/GeoLite2-Country.mmdb (No such file or directory)
[09-11 18:02:38]: java.io.FileNotFoundException: plugins/AuthMe/GeoLite2-Country.mmdb (No such file or directory)
	at java.base/java.io.RandomAccessFile.open0(Native Method)
	at java.base/java.io.RandomAccessFile.open(Unknown Source)
	at java.base/java.io.RandomAccessFile.<init>(Unknown Source)
	at java.base/java.io.RandomAccessFile.<init>(Unknown Source)
	at fr.xephi.authme.libs.com.maxmind.db.BufferHolder.<init>(BufferHolder.java:20)
	at fr.xephi.authme.libs.com.maxmind.db.Reader.<init>(Reader.java:121)
	at fr.xephi.authme.service.GeoIpService.startReading(GeoIpService.java:179)
	at fr.xephi.authme.service.GeoIpService.updateDatabase(GeoIpService.java:150)
	at org.bukkit.craftbukkit.v1_12_R1.scheduler.CraftTask.run(CraftTask.java:64)
	at org.bukkit.craftbukkit.v1_12_R1.scheduler.CraftAsyncTask.run(CraftAsyncTask.java:52)
	at com.destroystokyo.paper.ServerSchedulerReportingWrapper.run(ServerSchedulerReportingWrapper.java:22)
	at java.base/java.util.concurrent.ThreadPoolExecutor.runWorker(Unknown Source)
	at java.base/java.util.concurrent.ThreadPoolExecutor$Worker.run(Unknown Source)
	at java.base/java.lang.Thread.run(Unknown Source)

[09-11 18:02:48]: [FINE] The user Duzty has 24 accounts:
[09-11 18:02:48]: [FINE] §7jamar_higgs, cobalt, paxton, yeeryee1142_, skibidi_toilet, leif_, cullen, heny, bodeman115, masonclaus, nate_higgers69_, dying_fetus_porn, d_piddy, nate_higgers, fingermesideways, bodeman115_v2, dodecahedron, dihcrackhw, copper_block, vivy, bodeman1150, §aDuzty§7, §apissmanthethird§7, acie.
[09-11 18:02:48]: [FINE] Duzty logged in 0:0:0:0:0:0:0:1%0
[09-11 18:03:00]: [FINE] The user pissmanthethird has 24 accounts:
[09-11 18:03:00]: [FINE] §7jamar_higgs, cobalt, paxton, yeeryee1142_, skibidi_toilet, leif_, cullen, heny, bodeman115, masonclaus, nate_higgers69_, dying_fetus_porn, d_piddy, nate_higgers, fingermesideways, bodeman115_v2, dodecahedron, dihcrackhw, copper_block, vivy, bodeman1150, §aDuzty§7, §apissmanthethird§7, acie.
[09-11 18:03:00]: [FINE] pissmanthethird logged in 0:0:0:0:0:0:0:1%0
[09-11 18:04:25]: [FINE] ozzy_mexican registered 0:0:0:0:0:0:0:1%0
[09-11 18:04:25]: [FINE] The user ozzy_mexican has 25 accounts:
[09-11 18:04:25]: [FINE] §7jamar_higgs, cobalt, paxton, yeeryee1142_, skibidi_toilet, leif_, cullen, heny, bodeman115, masonclaus, nate_higgers69_, dying_fetus_porn, d_piddy, nate_higgers, fingermesideways, bodeman115_v2, dodecahedron, dihcrackhw, copper_block, vivy, bodeman1150, §aDuzty§7, §apissmanthethird§7, acie, §aozzy_mexican§7.
[09-11 18:04:25]: [FINE] ozzy_mexican logged in 0:0:0:0:0:0:0:1%0
[09-11 18:06:02]: [FINE] The user acie has 25 accounts:
[09-11 18:06:02]: [FINE] §7jamar_higgs, cobalt, paxton, yeeryee1142_, skibidi_toilet, leif_, cullen, heny, bodeman115, masonclaus, nate_higgers69_, dying_fetus_porn, d_piddy, nate_higgers, fingermesideways, bodeman115_v2, dodecahedron, dihcrackhw, copper_block, vivy, bodeman1150, §aDuzty§7, §apissmanthethird§7, §aacie§7, §aozzy_mexican§7.
[09-11 18:06:02]: [FINE] acie logged in 0:0:0:0:0:0:0:1%0
[09-11 18:08:54]: [FINE] aj_ registered 0:0:0:0:0:0:0:1%0
[09-11 18:08:54]: [FINE] The user aj_ has 26 accounts:
[09-11 18:08:54]: [FINE] §7jamar_higgs, cobalt, paxton, yeeryee1142_, skibidi_toilet, leif_, cullen, heny, bodeman115, masonclaus, nate_higgers69_, dying_fetus_porn, d_piddy, nate_higgers, fingermesideways, bodeman115_v2, dodecahedron, dihcrackhw, copper_block, vivy, bodeman1150, §aDuzty§7, §apissmanthethird§7, §aacie§7, §aozzy_mexican§7, §aaj_§7.
[09-11 18:08:54]: [FINE] aj_ logged in 0:0:0:0:0:0:0:1%0
[09-11 18:09:13]: [FINE] The user aj_ has 26 accounts:
[09-11 18:09:13]: [FINE] §7jamar_higgs, cobalt, paxton, yeeryee1142_, skibidi_toilet, leif_, cullen, heny, bodeman115, masonclaus, nate_higgers69_, dying_fetus_porn, d_piddy, nate_higgers, fingermesideways, bodeman115_v2, dodecahedron, dihcrackhw, copper_block, vivy, bodeman1150, §aDuzty§7, §apissmanthethird§7, §aacie§7, §aozzy_mexican§7, §aaj_§7.
[09-11 18:09:13]: [FINE] aj_ logged in 0:0:0:0:0:0:0:1%0
[09-11 18:11:51]: [FINE] The user pissmanthethird has 26 accounts:
[09-11 18:11:51]: [FINE] §7jamar_higgs, cobalt, paxton, yeeryee1142_, skibidi_toilet, leif_, cullen, heny, bodeman115, masonclaus, nate_higgers69_, dying_fetus_porn, d_piddy, nate_higgers, fingermesideways, bodeman115_v2, dodecahedron, dihcrackhw, copper_block, vivy, bodeman1150, §aDuzty§7, §apissmanthethird§7, §aacie§7, §aozzy_mexican§7, §aaj_§7.
[09-11 18:11:51]: [FINE] pissmanthethird logged in 0:0:0:0:0:0:0:1%0
[09-11 18:12:37]: [FINE] The user pissmanthethird has 26 accounts:
[09-11 18:12:37]: [FINE] §7jamar_higgs, cobalt, paxton, yeeryee1142_, skibidi_toilet, leif_, cullen, heny, bodeman115, masonclaus, nate_higgers69_, dying_fetus_porn, d_piddy, nate_higgers, fingermesideways, bodeman115_v2, dodecahedron, dihcrackhw, copper_block, vivy, bodeman1150, §aDuzty§7, §apissmanthethird§7, §aacie§7, §aozzy_mexican§7, §aaj_§7.
[09-11 18:12:37]: [FINE] pissmanthethird logged in 0:0:0:0:0:0:0:1%0
[09-11 18:15:01]: [FINE] The user pissmanthethird has 26 accounts:
[09-11 18:15:01]: [FINE] §7jamar_higgs, cobalt, paxton, yeeryee1142_, skibidi_toilet, leif_, cullen, heny, bodeman115, masonclaus, nate_higgers69_, dying_fetus_porn, d_piddy, nate_higgers, fingermesideways, bodeman115_v2, dodecahedron, dihcrackhw, copper_block, vivy, bodeman1150, §aDuzty§7, §apissmanthethird§7, §aacie§7, §aozzy_mexican§7, §aaj_§7.
[09-11 18:15:02]: [FINE] pissmanthethird logged in 0:0:0:0:0:0:0:1%0
[09-11 18:17:26]: [FINE] The user Duzty has 26 accounts:
[09-11 18:17:26]: [FINE] §7jamar_higgs, cobalt, paxton, yeeryee1142_, skibidi_toilet, leif_, cullen, heny, bodeman115, masonclaus, nate_higgers69_, dying_fetus_porn, d_piddy, nate_higgers, fingermesideways, bodeman115_v2, dodecahedron, dihcrackhw, copper_block, vivy, bodeman1150, §aDuzty§7, pissmanthethird, §aacie§7, §aozzy_mexican§7, aj_.
[09-11 18:17:26]: [FINE] Duzty logged in 0:0:0:0:0:0:0:1%0
[09-11 18:18:50]: [FINE] The user acie has 26 accounts:
[09-11 18:18:50]: [FINE] §7jamar_higgs, cobalt, paxton, yeeryee1142_, skibidi_toilet, leif_, cullen, heny, bodeman115, masonclaus, nate_higgers69_, dying_fetus_porn, d_piddy, nate_higgers, fingermesideways, bodeman115_v2, dodecahedron, dihcrackhw, copper_block, vivy, bodeman1150, §aDuzty§7, pissmanthethird, §aacie§7, ozzy_mexican, aj_.
[09-11 18:18:50]: [FINE] acie logged in 0:0:0:0:0:0:0:1%0
[09-11 18:19:15]: [FINE] The user pissmanthethird has 26 accounts:
[09-11 18:19:15]: [FINE] §7jamar_higgs, cobalt, paxton, yeeryee1142_, skibidi_toilet, leif_, cullen, heny, bodeman115, masonclaus, nate_higgers69_, dying_fetus_porn, d_piddy, nate_higgers, fingermesideways, bodeman115_v2, dodecahedron, dihcrackhw, copper_block, vivy, bodeman1150, duzty, §apissmanthethird§7, §aacie§7, §aozzy_mexican§7, aj_.
[09-11 18:19:15]: [FINE] pissmanthethird logged in 0:0:0:0:0:0:0:1%0
[09-11 18:23:44]: [FINE] The user ozzy_mexican has 26 accounts:
[09-11 18:23:44]: [FINE] §7jamar_higgs, cobalt, paxton, yeeryee1142_, skibidi_toilet, leif_, cullen, heny, bodeman115, masonclaus, nate_higgers69_, dying_fetus_porn, d_piddy, nate_higgers, fingermesideways, bodeman115_v2, dodecahedron, dihcrackhw, copper_block, vivy, bodeman1150, duzty, pissmanthethird, acie, §aozzy_mexican§7, aj_.
[09-11 18:23:44]: [FINE] ozzy_mexican logged in 0:0:0:0:0:0:0:1%0
[09-11 18:24:47]: [FINE] The user acie has 26 accounts:
[09-11 18:24:47]: [FINE] §7jamar_higgs, cobalt, paxton, yeeryee1142_, skibidi_toilet, leif_, cullen, heny, bodeman115, masonclaus, nate_higgers69_, dying_fetus_porn, d_piddy, nate_higgers, fingermesideways, bodeman115_v2, dodecahedron, dihcrackhw, copper_block, vivy, bodeman1150, duzty, pissmanthethird, §aacie§7, §aozzy_mexican§7, aj_.
[09-11 18:24:47]: [FINE] acie logged in 0:0:0:0:0:0:0:1%0
[09-11 18:25:40]: [FINE] The user pissmanthethird has 26 accounts:
[09-11 18:25:40]: [FINE] §7jamar_higgs, cobalt, paxton, yeeryee1142_, skibidi_toilet, leif_, cullen, heny, bodeman115, masonclaus, nate_higgers69_, dying_fetus_porn, d_piddy, nate_higgers, fingermesideways, bodeman115_v2, dodecahedron, dihcrackhw, copper_block, vivy, bodeman1150, duzty, §apissmanthethird§7, §aacie§7, §aozzy_mexican§7, aj_.
[09-11 18:25:40]: [FINE] pissmanthethird logged in 0:0:0:0:0:0:0:1%0
[09-11 18:26:08]: [FINE] The user aj_ has 26 accounts:
[09-11 18:26:08]: [FINE] §7jamar_higgs, cobalt, paxton, yeeryee1142_, skibidi_toilet, leif_, cullen, heny, bodeman115, masonclaus, nate_higgers69_, dying_fetus_porn, d_piddy, nate_higgers, fingermesideways, bodeman115_v2, dodecahedron, dihcrackhw, copper_block, vivy, bodeman1150, duzty, §apissmanthethird§7, §aacie§7, §aozzy_mexican§7, §aaj_§7.
[09-11 18:26:08]: [FINE] aj_ logged in 0:0:0:0:0:0:0:1%0
[09-11 18:27:03]: [FINE] The user Duzty has 26 accounts:
[09-11 18:27:03]: [FINE] §7jamar_higgs, cobalt, paxton, yeeryee1142_, skibidi_toilet, leif_, cullen, heny, bodeman115, masonclaus, nate_higgers69_, dying_fetus_porn, d_piddy, nate_higgers, fingermesideways, bodeman115_v2, dodecahedron, dihcrackhw, copper_block, vivy, bodeman1150, §aDuzty§7, §apissmanthethird§7, §aacie§7, §aozzy_mexican§7, §aaj_§7.
[09-11 18:27:03]: [FINE] Duzty logged in 0:0:0:0:0:0:0:1%0
[09-11 18:30:49]: [FINE] As43 registered 0:0:0:0:0:0:0:1%0
[09-11 18:30:49]: [FINE] The user As43 has 27 accounts:
[09-11 18:30:49]: [FINE] §7jamar_higgs, cobalt, paxton, yeeryee1142_, skibidi_toilet, leif_, cullen, heny, bodeman115, masonclaus, nate_higgers69_, dying_fetus_porn, d_piddy, nate_higgers, fingermesideways, bodeman115_v2, dodecahedron, dihcrackhw, copper_block, vivy, bodeman1150, §aDuzty§7, §apissmanthethird§7, §aacie§7, §aozzy_mexican§7, §aaj_§7, §aAs43§7.
[09-11 18:30:49]: [FINE] As43 logged in 0:0:0:0:0:0:0:1%0
[09-11 18:31:57]: [FINE] The user As43 has 27 accounts:
[09-11 18:31:57]: [FINE] §7jamar_higgs, cobalt, paxton, yeeryee1142_, skibidi_toilet, leif_, cullen, heny, bodeman115, masonclaus, nate_higgers69_, dying_fetus_porn, d_piddy, nate_higgers, fingermesideways, bodeman115_v2, dodecahedron, dihcrackhw, copper_block, vivy, bodeman1150, §aDuzty§7, §apissmanthethird§7, §aacie§7, §aozzy_mexican§7, §aaj_§7, §aAs43§7.
[09-11 18:31:57]: [FINE] As43 logged in 0:0:0:0:0:0:0:1%0
[09-11 18:36:04]: [FINE] The user aj_ has 27 accounts:
[09-11 18:36:04]: [FINE] §7jamar_higgs, cobalt, paxton, yeeryee1142_, skibidi_toilet, leif_, cullen, heny, bodeman115, masonclaus, nate_higgers69_, dying_fetus_porn, d_piddy, nate_higgers, fingermesideways, bodeman115_v2, dodecahedron, dihcrackhw, copper_block, vivy, bodeman1150, §aDuzty§7, §apissmanthethird§7, §aacie§7, §aozzy_mexican§7, §aaj_§7, §aAs43§7.
[09-11 18:36:04]: [FINE] aj_ logged in 0:0:0:0:0:0:0:1%0
[09-11 18:37:11]: [FINE] The user pissmanthethird has 27 accounts:
[09-11 18:37:11]: [FINE] §7jamar_higgs, cobalt, paxton, yeeryee1142_, skibidi_toilet, leif_, cullen, heny, bodeman115, masonclaus, nate_higgers69_, dying_fetus_porn, d_piddy, nate_higgers, fingermesideways, bodeman115_v2, dodecahedron, dihcrackhw, copper_block, vivy, bodeman1150, §aDuzty§7, §apissmanthethird§7, §aacie§7, §aozzy_mexican§7, §aaj_§7, as43.
[09-11 18:37:11]: [FINE] pissmanthethird logged in 0:0:0:0:0:0:0:1%0
[09-11 18:37:42]: [FINE] The user As43 has 27 accounts:
[09-11 18:37:42]: [FINE] §7jamar_higgs, cobalt, paxton, yeeryee1142_, skibidi_toilet, leif_, cullen, heny, bodeman115, masonclaus, nate_higgers69_, dying_fetus_porn, d_piddy, nate_higgers, fingermesideways, bodeman115_v2, dodecahedron, dihcrackhw, copper_block, vivy, bodeman1150, §aDuzty§7, §apissmanthethird§7, §aacie§7, §aozzy_mexican§7, §aaj_§7, §aAs43§7.
[09-11 18:37:42]: [FINE] As43 logged in 0:0:0:0:0:0:0:1%0
[09-11 18:44:33]: [FINE] The user pissmanthethird has 27 accounts:
[09-11 18:44:33]: [FINE] §7jamar_higgs, cobalt, paxton, yeeryee1142_, skibidi_toilet, leif_, cullen, heny, bodeman115, masonclaus, nate_higgers69_, dying_fetus_porn, d_piddy, nate_higgers, fingermesideways, bodeman115_v2, dodecahedron, dihcrackhw, copper_block, vivy, bodeman1150, §aDuzty§7, §apissmanthethird§7, §aacie§7, §aozzy_mexican§7, §aaj_§7, §aAs43§7.
[09-11 18:44:33]: [FINE] pissmanthethird logged in 0:0:0:0:0:0:0:1%0
[09-11 18:53:02]: [FINE] The user pissmanthethird has 27 accounts:
[09-11 18:53:02]: [FINE] §7jamar_higgs, cobalt, paxton, yeeryee1142_, skibidi_toilet, leif_, cullen, heny, bodeman115, masonclaus, nate_higgers69_, dying_fetus_porn, d_piddy, nate_higgers, fingermesideways, bodeman115_v2, dodecahedron, dihcrackhw, copper_block, vivy, bodeman1150, §aDuzty§7, §apissmanthethird§7, §aacie§7, §aozzy_mexican§7, §aaj_§7, §aAs43§7.
[09-11 18:53:02]: [FINE] pissmanthethird logged in 0:0:0:0:0:0:0:1%0
[09-11 18:58:53]: [FINE] The user ozzy_mexican has 27 accounts:
[09-11 18:58:53]: [FINE] §7jamar_higgs, cobalt, paxton, yeeryee1142_, skibidi_toilet, leif_, cullen, heny, bodeman115, masonclaus, nate_higgers69_, dying_fetus_porn, d_piddy, nate_higgers, fingermesideways, bodeman115_v2, dodecahedron, dihcrackhw, copper_block, vivy, bodeman1150, duzty, §apissmanthethird§7, acie, §aozzy_mexican§7, aj_, as43.
[09-11 18:58:53]: [FINE] ozzy_mexican logged in 0:0:0:0:0:0:0:1%0
[09-11 18:58:58]: [FINE] The user pissmanthethird has 27 accounts:
[09-11 18:58:58]: [FINE] §7jamar_higgs, cobalt, paxton, yeeryee1142_, skibidi_toilet, leif_, cullen, heny, bodeman115, masonclaus, nate_higgers69_, dying_fetus_porn, d_piddy, nate_higgers, fingermesideways, bodeman115_v2, dodecahedron, dihcrackhw, copper_block, vivy, bodeman1150, duzty, §apissmanthethird§7, acie, §aozzy_mexican§7, aj_, as43.
[09-11 18:58:58]: [FINE] pissmanthethird logged in 0:0:0:0:0:0:0:1%0
[09-11 19:02:11]: [FINE] The user ozzy_mexican has 27 accounts:
[09-11 19:02:11]: [FINE] §7jamar_higgs, cobalt, paxton, yeeryee1142_, skibidi_toilet, leif_, cullen, heny, bodeman115, masonclaus, nate_higgers69_, dying_fetus_porn, d_piddy, nate_higgers, fingermesideways, bodeman115_v2, dodecahedron, dihcrackhw, copper_block, vivy, bodeman1150, duzty, pissmanthethird, acie, §aozzy_mexican§7, aj_, as43.
[09-11 19:02:11]: [FINE] ozzy_mexican logged in 0:0:0:0:0:0:0:1%0
[09-11 19:02:40]: [FINE] The user acie has 27 accounts:
[09-11 19:02:40]: [FINE] §7jamar_higgs, cobalt, paxton, yeeryee1142_, skibidi_toilet, leif_, cullen, heny, bodeman115, masonclaus, nate_higgers69_, dying_fetus_porn, d_piddy, nate_higgers, fingermesideways, bodeman115_v2, dodecahedron, dihcrackhw, copper_block, vivy, bodeman1150, duzty, pissmanthethird, §aacie§7, §aozzy_mexican§7, aj_, as43.
[09-11 19:02:40]: [FINE] acie logged in 0:0:0:0:0:0:0:1%0
[09-11 19:05:16]: [FINE] The user pissmanthethird has 27 accounts:
[09-11 19:05:16]: [FINE] §7jamar_higgs, cobalt, paxton, yeeryee1142_, skibidi_toilet, leif_, cullen, heny, bodeman115, masonclaus, nate_higgers69_, dying_fetus_porn, d_piddy, nate_higgers, fingermesideways, bodeman115_v2, dodecahedron, dihcrackhw, copper_block, vivy, bodeman1150, duzty, §apissmanthethird§7, §aacie§7, §aozzy_mexican§7, aj_, as43.
[09-11 19:05:16]: [FINE] pissmanthethird logged in 0:0:0:0:0:0:0:1%0
[09-11 19:10:47]: [FINE] The user aj_ has 27 accounts:
[09-11 19:10:47]: [FINE] §7jamar_higgs, cobalt, paxton, yeeryee1142_, skibidi_toilet, leif_, cullen, heny, bodeman115, masonclaus, nate_higgers69_, dying_fetus_porn, d_piddy, nate_higgers, fingermesideways, bodeman115_v2, dodecahedron, dihcrackhw, copper_block, vivy, bodeman1150, duzty, pissmanthethird, acie, ozzy_mexican, §aaj_§7, as43.
[09-11 19:10:47]: [FINE] aj_ logged in 0:0:0:0:0:0:0:1%0
[09-11 19:38:03]: [FINE] The user acie has 27 accounts:
[09-11 19:38:03]: [FINE] §7jamar_higgs, cobalt, paxton, yeeryee1142_, skibidi_toilet, leif_, cullen, heny, bodeman115, masonclaus, nate_higgers69_, dying_fetus_porn, d_piddy, nate_higgers, fingermesideways, bodeman115_v2, dodecahedron, dihcrackhw, copper_block, vivy, bodeman1150, duzty, pissmanthethird, §aacie§7, ozzy_mexican, aj_, as43.
[09-11 19:38:03]: [FINE] acie logged in 0:0:0:0:0:0:0:1%0
[09-11 19:58:16]: [FINE] The user acie has 27 accounts:
[09-11 19:58:16]: [FINE] §7jamar_higgs, cobalt, paxton, yeeryee1142_, skibidi_toilet, leif_, cullen, heny, bodeman115, masonclaus, nate_higgers69_, dying_fetus_porn, d_piddy, nate_higgers, fingermesideways, bodeman115_v2, dodecahedron, dihcrackhw, copper_block, vivy, bodeman1150, duzty, pissmanthethird, §aacie§7, ozzy_mexican, aj_, as43.
[09-11 19:58:16]: [FINE] acie logged in 0:0:0:0:0:0:0:1%0
[09-11 20:10:13]: [FINE] The user acie has 27 accounts:
[09-11 20:10:13]: [FINE] §7jamar_higgs, cobalt, paxton, yeeryee1142_, skibidi_toilet, leif_, cullen, heny, bodeman115, masonclaus, nate_higgers69_, dying_fetus_porn, d_piddy, nate_higgers, fingermesideways, bodeman115_v2, dodecahedron, dihcrackhw, copper_block, vivy, bodeman1150, duzty, pissmanthethird, §aacie§7, ozzy_mexican, aj_, as43.
[09-11 20:10:13]: [FINE] acie logged in 0:0:0:0:0:0:0:1%0
[09-11 20:17:34]: [FINE] The user acie has 27 accounts:
[09-11 20:17:34]: [FINE] §7jamar_higgs, cobalt, paxton, yeeryee1142_, skibidi_toilet, leif_, cullen, heny, bodeman115, masonclaus, nate_higgers69_, dying_fetus_porn, d_piddy, nate_higgers, fingermesideways, bodeman115_v2, dodecahedron, dihcrackhw, copper_block, vivy, bodeman1150, duzty, pissmanthethird, §aacie§7, ozzy_mexican, aj_, as43.
[09-11 20:17:34]: [FINE] acie logged in 0:0:0:0:0:0:0:1%0
[09-11 20:34:49]: [FINE] The user ozzy_mexican has 27 accounts:
[09-11 20:34:49]: [FINE] §7jamar_higgs, cobalt, paxton, yeeryee1142_, skibidi_toilet, leif_, cullen, heny, bodeman115, masonclaus, nate_higgers69_, dying_fetus_porn, d_piddy, nate_higgers, fingermesideways, bodeman115_v2, dodecahedron, dihcrackhw, copper_block, vivy, bodeman1150, duzty, pissmanthethird, acie, §aozzy_mexican§7, aj_, as43.
[09-11 20:34:49]: [FINE] ozzy_mexican logged in 0:0:0:0:0:0:0:1%0
[09-11 20:47:35]: [FINE] The user pissmanthethird has 27 accounts:
[09-11 20:47:35]: [FINE] §7jamar_higgs, cobalt, paxton, yeeryee1142_, skibidi_toilet, leif_, cullen, heny, bodeman115, masonclaus, nate_higgers69_, dying_fetus_porn, d_piddy, nate_higgers, fingermesideways, bodeman115_v2, dodecahedron, dihcrackhw, copper_block, vivy, bodeman1150, duzty, §apissmanthethird§7, acie, ozzy_mexican, aj_, as43.
[09-11 20:47:35]: [FINE] pissmanthethird logged in 0:0:0:0:0:0:0:1%0
[09-11 20:49:44]: [FINE] JJ_ registered 0:0:0:0:0:0:0:1%0
[09-11 20:49:44]: [FINE] The user JJ_ has 28 accounts:
[09-11 20:49:44]: [FINE] §7jamar_higgs, cobalt, paxton, yeeryee1142_, skibidi_toilet, leif_, cullen, heny, bodeman115, masonclaus, nate_higgers69_, dying_fetus_porn, d_piddy, nate_higgers, fingermesideways, bodeman115_v2, dodecahedron, dihcrackhw, copper_block, vivy, bodeman1150, duzty, §apissmanthethird§7, acie, ozzy_mexican, aj_, as43, §aJJ_§7.
[09-11 20:49:44]: [FINE] JJ_ logged in 0:0:0:0:0:0:0:1%0
[09-11 21:05:35]: [FINE] The user JJ_ has 28 accounts:
[09-11 21:05:35]: [FINE] §7jamar_higgs, cobalt, paxton, yeeryee1142_, skibidi_toilet, leif_, cullen, heny, bodeman115, masonclaus, nate_higgers69_, dying_fetus_porn, d_piddy, nate_higgers, fingermesideways, bodeman115_v2, dodecahedron, dihcrackhw, copper_block, vivy, bodeman1150, duzty, pissmanthethird, acie, ozzy_mexican, aj_, as43, §aJJ_§7.
[09-11 21:05:35]: [FINE] JJ_ logged in 0:0:0:0:0:0:0:1%0
[09-11 21:24:16]: [FINE] The user acie has 28 accounts:
[09-11 21:24:16]: [FINE] §7jamar_higgs, cobalt, paxton, yeeryee1142_, skibidi_toilet, leif_, cullen, heny, bodeman115, masonclaus, nate_higgers69_, dying_fetus_porn, d_piddy, nate_higgers, fingermesideways, bodeman115_v2, dodecahedron, dihcrackhw, copper_block, vivy, bodeman1150, duzty, pissmanthethird, §aacie§7, ozzy_mexican, aj_, as43, jj_.
[09-11 21:24:16]: [FINE] acie logged in 0:0:0:0:0:0:0:1%0
[09-11 21:35:31]: [FINE] The user Duzty has 28 accounts:
[09-11 21:35:31]: [FINE] §7jamar_higgs, cobalt, paxton, yeeryee1142_, skibidi_toilet, leif_, cullen, heny, bodeman115, masonclaus, nate_higgers69_, dying_fetus_porn, d_piddy, nate_higgers, fingermesideways, bodeman115_v2, dodecahedron, dihcrackhw, copper_block, vivy, bodeman1150, §aDuzty§7, pissmanthethird, §aacie§7, ozzy_mexican, aj_, as43, jj_.
[09-11 21:35:31]: [FINE] Duzty logged in 0:0:0:0:0:0:0:1%0
[09-11 21:54:34]: [FINE] The user acie has 28 accounts:
[09-11 21:54:34]: [FINE] §7jamar_higgs, cobalt, paxton, yeeryee1142_, skibidi_toilet, leif_, cullen, heny, bodeman115, masonclaus, nate_higgers69_, dying_fetus_porn, d_piddy, nate_higgers, fingermesideways, bodeman115_v2, dodecahedron, dihcrackhw, copper_block, vivy, bodeman1150, §aDuzty§7, pissmanthethird, §aacie§7, ozzy_mexican, aj_, as43, jj_.
[09-11 21:54:34]: [FINE] acie logged in 0:0:0:0:0:0:0:1%0
[09-14 16:15:55]: [INFO] SQLite Setup finished
[09-14 16:15:55]: [INFO] No supported permissions system found! Permissions are disabled!
[09-14 16:15:55]: [WARN] WARNING! The protectInventory feature requires ProtocolLib! Disabling it...
[09-14 16:15:56]: [INFO] AuthMe 5.6.0 build n.CUSTOM successfully enabled!
[09-14 16:15:57]: [INFO] Downloading GEO IP database, because the old database is older than 30 days or doesn't exist
[09-14 16:15:57]: [WARN] No MaxMind credentials found in the configuration file! GeoIp protections will be disabled.
[09-14 16:15:57]: [INFO] There is no newer GEO IP database uploaded to MaxMind. Using the old one for now.
[09-14 16:15:57]: [WARN] Could not download GeoLiteAPI database [FileNotFoundException]: plugins/AuthMe/GeoLite2-Country.mmdb (No such file or directory)
[09-14 16:15:57]: java.io.FileNotFoundException: plugins/AuthMe/GeoLite2-Country.mmdb (No such file or directory)
	at java.base/java.io.RandomAccessFile.open0(Native Method)
	at java.base/java.io.RandomAccessFile.open(Unknown Source)
	at java.base/java.io.RandomAccessFile.<init>(Unknown Source)
	at java.base/java.io.RandomAccessFile.<init>(Unknown Source)
	at fr.xephi.authme.libs.com.maxmind.db.BufferHolder.<init>(BufferHolder.java:20)
	at fr.xephi.authme.libs.com.maxmind.db.Reader.<init>(Reader.java:121)
	at fr.xephi.authme.service.GeoIpService.startReading(GeoIpService.java:179)
	at fr.xephi.authme.service.GeoIpService.updateDatabase(GeoIpService.java:150)
	at org.bukkit.craftbukkit.v1_12_R1.scheduler.CraftTask.run(CraftTask.java:64)
	at org.bukkit.craftbukkit.v1_12_R1.scheduler.CraftAsyncTask.run(CraftAsyncTask.java:52)
	at com.destroystokyo.paper.ServerSchedulerReportingWrapper.run(ServerSchedulerReportingWrapper.java:22)
	at java.base/java.util.concurrent.ThreadPoolExecutor.runWorker(Unknown Source)
	at java.base/java.util.concurrent.ThreadPoolExecutor$Worker.run(Unknown Source)
	at java.base/java.lang.Thread.run(Unknown Source)

